$MeshFormat
4.1 0 8
$EndMeshFormat
$Entities
2 3 3 1
1 0.5 -1.224606353822377e-16 1 0 
2 0.5 -1.224606353822377e-16 0 0 
1 -0.5000000999999999 -0.5000000999999999 0.9999999000000001 0.5000000999999999 0.5000000999999999 1.0000001 0 2 1 -1 
2 0.4999999 -1.000000001224606e-07 -9.999999994736442e-08 0.5000000999999999 9.999999987753936e-08 1.0000001 0 2 2 -1 
3 -0.5000000999999999 -0.5000000999999999 -1e-07 0.5000000999999999 0.5000000999999999 1e-07 0 2 2 -2 
1 -0.5000000999999999 -0.5000000999999999 -9.999999994736442e-08 0.5000000999999999 0.5000000999999999 1.0000001 0 4 -1 -2 3 2 
2 -0.5000000999999999 -0.5000000999999999 0.9999999000000001 0.5000000999999999 0.5000000999999999 1.0000001 0 1 1 
3 -0.5000000999999999 -0.5000000999999999 -1e-07 0.5000000999999999 0.5000000999999999 1e-07 0 1 3 
1 -0.5000000999999999 -0.5000000999999999 -9.999999994736442e-08 0.5000000999999999 0.5000000999999999 1.0000001 0 3 1 2 -3 
$EndEntities
$Nodes
9 2249 1 2249
0 1 0 1
1
0.5 -1.224606353822377e-16 1
0 2 0 1
2
0.5 -1.224606353822377e-16 0
1 1 0 62
3
4
5
6
7
8
9
10
11
12
13
14
15
16
17
18
19
20
21
22
23
24
25
26
27
28
29
30
31
32
33
34
35
36
37
38
39
40
41
42
43
44
45
46
47
48
49
50
51
52
53
54
55
56
57
58
59
60
61
62
63
64
0.4975153876827007 0.04978392329790821 1
0.490086243924272 0.09907307159969855 1
0.4777864028930705 0.1473775872054517 1
0.460738105935204 0.1942173981373469 1
0.4391107866851146 0.2391269893106585 1
0.4131193871579979 0.2816600290318104 1
0.3830222215594896 0.321393804843269 1
0.3491184090430371 0.3579334246298586 1
0.3117449009293676 0.3909157412340142 1
0.2712731319328807 0.4200129615753851 1
0.2281053286765826 0.4449359044057337 1
0.1826705121831988 0.4654368743221016 1
0.135420234071504 0.4813121234750056 1
0.08682408883346675 0.4924038765061037 1
0.03736504679321374 0.49860189859059 1
-0.01246534586903468 0.4998445910004082 1
-0.0621718523237406 0.4961196033000863 1
-0.111260466978155 0.4874639560909123 1
-0.1592433251258401 0.4739636730835666 1
-0.2056435515653035 0.4557529261558376 1
-0.2499999999999978 0.4330127018922206 1
-0.2918718361173926 0.4059690028579299 1
-0.3308429187984276 0.3748906014838689 1
-0.3665259359149111 0.340086368885462 1
-0.3985662536114595 0.301902205162741 1
-0.4266454408160762 0.2607176016897517 1
-0.4504844339512082 0.2169418695587819 1
-0.469846310392953 0.1710100716628376 1
-0.4845386431145381 0.1233786988451502 1
-0.4944154131125638 0.07452113308809065 1
-0.499378460609461 0.02492294283035207 1
-0.4993784606094614 -0.02492294283034485 1
-0.4944154131125649 -0.07452113308808328 1
-0.48453864311454 -0.1233786988451429 1
-0.4698463103929555 -0.1710100716628308 1
-0.4504844339512112 -0.2169418695587756 1
-0.4266454408160797 -0.2607176016897459 1
-0.3985662536114632 -0.3019022051627361 1
-0.3665259359149154 -0.3400863688854573 1
-0.3308429187984322 -0.3748906014838649 1
-0.2918718361173974 -0.4059690028579264 1
-0.2500000000000025 -0.4330127018922179 1
-0.2056435515653082 -0.4557529261558355 1
-0.1592433251258446 -0.4739636730835651 1
-0.1112604669781595 -0.4874639560909113 1
-0.06217185232374512 -0.4961196033000857 1
-0.0124653458690388 -0.4998445910004081 1
0.03736504679320997 -0.4986018985905902 1
0.08682408883346324 -0.4924038765061044 1
0.1354202340715004 -0.4813121234750066 1
0.1826705121831956 -0.4654368743221028 1
0.2281053286765798 -0.4449359044057352 1
0.2712731319328783 -0.4200129615753866 1
0.3117449009293656 -0.3909157412340158 1
0.3491184090430355 -0.3579334246298601 1
0.3830222215594881 -0.3213938048432708 1
0.4131193871579967 -0.2816600290318121 1
0.4391107866851137 -0.2391269893106601 1
0.4607381059352036 -0.1942173981373478 1
0.4777864028930703 -0.1473775872054524 1
0.4900862439242719 -0.09907307159969886 1
0.4975153876827006 -0.04978392329790864 1
1 2 0 19
65
66
67
68
69
70
71
72
73
74
75
76
77
78
79
80
81
82
83
0.5 -1.224606353822377e-16 0.05
0.5 -1.224606353822377e-16 0.1
0.5 -1.224606353822377e-16 0.15
0.5 -1.224606353822377e-16 0.2
0.5 -1.224606353822377e-16 0.25
0.5 -1.224606353822377e-16 0.3
0.5 -1.224606353822377e-16 0.35
0.5 -1.224606353822377e-16 0.4
0.5 -1.224606353822377e-16 0.45
0.5 -1.224606353822377e-16 0.5
0.5 -1.224606353822377e-16 0.55
0.5 -1.224606353822377e-16 0.6
0.5 -1.224606353822377e-16 0.65
0.5 -1.224606353822377e-16 0.7
0.5 -1.224606353822377e-16 0.75
0.5 -1.224606353822377e-16 0.8
0.5 -1.224606353822377e-16 0.85
0.5 -1.224606353822377e-16 0.9
0.5 -1.224606353822377e-16 0.95
1 3 0 62
84
85
86
87
88
89
90
91
92
93
94
95
96
97
98
99
100
101
102
103
104
105
106
107
108
109
110
111
112
113
114
115
116
117
118
119
120
121
122
123
124
125
126
127
128
129
130
131
132
133
134
135
136
137
138
139
140
141
142
143
144
145
0.4975153876827007 0.04978392329790821 0
0.490086243924272 0.09907307159969855 0
0.4777864028930705 0.1473775872054517 0
0.460738105935204 0.1942173981373469 0
0.4391107866851146 0.2391269893106585 0
0.4131193871579979 0.2816600290318104 0
0.3830222215594896 0.321393804843269 0
0.3491184090430371 0.3579334246298586 0
0.3117449009293676 0.3909157412340142 0
0.2712731319328807 0.4200129615753851 0
0.2281053286765826 0.4449359044057337 0
0.1826705121831988 0.4654368743221016 0
0.135420234071504 0.4813121234750056 0
0.08682408883346675 0.4924038765061037 0
0.03736504679321374 0.49860189859059 0
-0.01246534586903468 0.4998445910004082 0
-0.0621718523237406 0.4961196033000863 0
-0.111260466978155 0.4874639560909123 0
-0.1592433251258401 0.4739636730835666 0
-0.2056435515653035 0.4557529261558376 0
-0.2499999999999978 0.4330127018922206 0
-0.2918718361173926 0.4059690028579299 0
-0.3308429187984276 0.3748906014838689 0
-0.3665259359149111 0.340086368885462 0
-0.3985662536114595 0.301902205162741 0
-0.4266454408160762 0.2607176016897517 0
-0.4504844339512082 0.2169418695587819 0
-0.469846310392953 0.1710100716628376 0
-0.4845386431145381 0.1233786988451502 0
-0.4944154131125638 0.07452113308809065 0
-0.499378460609461 0.02492294283035207 0
-0.4993784606094614 -0.02492294283034485 0
-0.4944154131125649 -0.07452113308808328 0
-0.48453864311454 -0.1233786988451429 0
-0.4698463103929555 -0.1710100716628308 0
-0.4504844339512112 -0.2169418695587756 0
-0.4266454408160797 -0.2607176016897459 0
-0.3985662536114632 -0.3019022051627361 0
-0.3665259359149154 -0.3400863688854573 0
-0.3308429187984322 -0.3748906014838649 0
-0.2918718361173974 -0.4059690028579264 0
-0.2500000000000025 -0.4330127018922179 0
-0.2056435515653082 -0.4557529261558355 0
-0.1592433251258446 -0.4739636730835651 0
-0.1112604669781595 -0.4874639560909113 0
-0.06217185232374512 -0.4961196033000857 0
-0.0124653458690388 -0.4998445910004081 0
0.03736504679320997 -0.4986018985905902 0
0.08682408883346324 -0.4924038765061044 0
0.1354202340715004 -0.4813121234750066 0
0.1826705121831956 -0.4654368743221028 0
0.2281053286765798 -0.4449359044057352 0
0.2712731319328783 -0.4200129615753866 0
0.3117449009293656 -0.3909157412340158 0
0.3491184090430355 -0.3579334246298601 0
0.3830222215594881 -0.3213938048432708 0
0.4131193871579967 -0.2816600290318121 0
0.4391107866851137 -0.2391269893106601 0
0.4607381059352036 -0.1942173981373478 0
0.4777864028930703 -0.1473775872054524 0
0.4900862439242719 -0.09907307159969886 0
0.4975153876827006 -0.04978392329790864 0
2 1 0 1408
146
147
148
149
150
151
152
153
154
155
156
157
158
159
160
161
162
163
164
165
166
167
168
169
170
171
172
173
174
175
176
177
178
179
180
181
182
183
184
185
186
187
188
189
190
191
192
193
194
195
196
197
198
199
200
201
202
203
204
205
206
207
208
209
210
211
212
213
214
215
216
217
218
219
220
221
222
223
224
225
226
227
228
229
230
231
232
233
234
235
236
237
238
239
240
241
242
243
244
245
246
247
248
249
250
251
252
253
254
255
256
257
258
259
260
261
262
263
264
265
266
267
268
269
270
271
272
273
274
275
276
277
278
279
280
281
282
283
284
285
286
287
288
289
290
291
292
293
294
295
296
297
298
299
300
301
302
303
304
305
306
307
308
309
310
311
312
313
314
315
316
317
318
319
320
321
322
323
324
325
326
327
328
329
330
331
332
333
334
335
336
337
338
339
340
341
342
343
344
345
346
347
348
349
350
351
352
353
354
355
356
357
358
359
360
361
362
363
364
365
366
367
368
369
370
371
372
373
374
375
376
377
378
379
380
381
382
383
384
385
386
387
388
389
390
391
392
393
394
395
396
397
398
399
400
401
402
403
404
405
406
407
408
409
410
411
412
413
414
415
416
417
418
419
420
421
422
423
424
425
426
427
428
429
430
431
432
433
434
435
436
437
438
439
440
441
442
443
444
445
446
447
448
449
450
451
452
453
454
455
456
457
458
459
460
461
462
463
464
465
466
467
468
469
470
471
472
473
474
475
476
477
478
479
480
481
482
483
484
485
486
487
488
489
490
491
492
493
494
495
496
497
498
499
500
501
502
503
504
505
506
507
508
509
510
511
512
513
514
515
516
517
518
519
520
521
522
523
524
525
526
527
528
529
530
531
532
533
534
535
536
537
538
539
540
541
542
543
544
545
546
547
548
549
550
551
552
553
554
555
556
557
558
559
560
561
562
563
564
565
566
567
568
569
570
571
572
573
574
575
576
577
578
579
580
581
582
583
584
585
586
587
588
589
590
591
592
593
594
595
596
597
598
599
600
601
602
603
604
605
606
607
608
609
610
611
612
613
614
615
616
617
618
619
620
621
622
623
624
625
626
627
628
629
630
631
632
633
634
635
636
637
638
639
640
641
642
643
644
645
646
647
648
649
650
651
652
653
654
655
656
657
658
659
660
661
662
663
664
665
666
667
668
669
670
671
672
673
674
675
676
677
678
679
680
681
682
683
684
685
686
687
688
689
690
691
692
693
694
695
696
697
698
699
700
701
702
703
704
705
706
707
708
709
710
711
712
713
714
715
716
717
718
719
720
721
722
723
724
725
726
727
728
729
730
731
732
733
734
735
736
737
738
739
740
741
742
743
744
745
746
747
748
749
750
751
752
753
754
755
756
757
758
759
760
761
762
763
764
765
766
767
768
769
770
771
772
773
774
775
776
777
778
779
780
781
782
783
784
785
786
787
788
789
790
791
792
793
794
795
796
797
798
799
800
801
802
803
804
805
806
807
808
809
810
811
812
813
814
815
816
817
818
819
820
821
822
823
824
825
826
827
828
829
830
831
832
833
834
835
836
837
838
839
840
841
842
843
844
845
846
847
848
849
850
851
852
853
854
855
856
857
858
859
860
861
862
863
864
865
866
867
868
869
870
871
872
873
874
875
876
877
878
879
880
881
882
883
884
885
886
887
888
889
890
891
892
893
894
895
896
897
898
899
900
901
902
903
904
905
906
907
908
909
910
911
912
913
914
915
916
917
918
919
920
921
922
923
924
925
926
927
928
929
930
931
932
933
934
935
936
937
938
939
940
941
942
943
944
945
946
947
948
949
950
951
952
953
954
955
956
957
958
959
960
961
962
963
964
965
966
967
968
969
970
971
972
973
974
975
976
977
978
979
980
981
982
983
984
985
986
987
988
989
990
991
992
993
994
995
996
997
998
999
1000
1001
1002
1003
1004
1005
1006
1007
1008
1009
1010
1011
1012
1013
1014
1015
1016
1017
1018
1019
1020
1021
1022
1023
1024
1025
1026
1027
1028
1029
1030
1031
1032
1033
1034
1035
1036
1037
1038
1039
1040
1041
1042
1043
1044
1045
1046
1047
1048
1049
1050
1051
1052
1053
1054
1055
1056
1057
1058
1059
1060
1061
1062
1063
1064
1065
1066
1067
1068
1069
1070
1071
1072
1073
1074
1075
1076
1077
1078
1079
1080
1081
1082
1083
1084
1085
1086
1087
1088
1089
1090
1091
1092
1093
1094
1095
1096
1097
1098
1099
1100
1101
1102
1103
1104
1105
1106
1107
1108
1109
1110
1111
1112
1113
1114
1115
1116
1117
1118
1119
1120
1121
1122
1123
1124
1125
1126
1127
1128
1129
1130
1131
1132
1133
1134
1135
1136
1137
1138
1139
1140
1141
1142
1143
1144
1145
1146
1147
1148
1149
1150
1151
1152
1153
1154
1155
1156
1157
1158
1159
1160
1161
1162
1163
1164
1165
1166
1167
1168
1169
1170
1171
1172
1173
1174
1175
1176
1177
1178
1179
1180
1181
1182
1183
1184
1185
1186
1187
1188
1189
1190
1191
1192
1193
1194
1195
1196
1197
1198
1199
1200
1201
1202
1203
1204
1205
1206
1207
1208
1209
1210
1211
1212
1213
1214
1215
1216
1217
1218
1219
1220
1221
1222
1223
1224
1225
1226
1227
1228
1229
1230
1231
1232
1233
1234
1235
1236
1237
1238
1239
1240
1241
1242
1243
1244
1245
1246
1247
1248
1249
1250
1251
1252
1253
1254
1255
1256
1257
1258
1259
1260
1261
1262
1263
1264
1265
1266
1267
1268
1269
1270
1271
1272
1273
1274
1275
1276
1277
1278
1279
1280
1281
1282
1283
1284
1285
1286
1287
1288
1289
1290
1291
1292
1293
1294
1295
1296
1297
1298
1299
1300
1301
1302
1303
1304
1305
1306
1307
1308
1309
1310
1311
1312
1313
1314
1315
1316
1317
1318
1319
1320
1321
1322
1323
1324
1325
1326
1327
1328
1329
1330
1331
1332
1333
1334
1335
1336
1337
1338
1339
1340
1341
1342
1343
1344
1345
1346
1347
1348
1349
1350
1351
1352
1353
1354
1355
1356
1357
1358
1359
1360
1361
1362
1363
1364
1365
1366
1367
1368
1369
1370
1371
1372
1373
1374
1375
1376
1377
1378
1379
1380
1381
1382
1383
1384
1385
1386
1387
1388
1389
1390
1391
1392
1393
1394
1395
1396
1397
1398
1399
1400
1401
1402
1403
1404
1405
1406
1407
1408
1409
1410
1411
1412
1413
1414
1415
1416
1417
1418
1419
1420
1421
1422
1423
1424
1425
1426
1427
1428
1429
1430
1431
1432
1433
1434
1435
1436
1437
1438
1439
1440
1441
1442
1443
1444
1445
1446
1447
1448
1449
1450
1451
1452
1453
1454
1455
1456
1457
1458
1459
1460
1461
1462
1463
1464
1465
1466
1467
1468
1469
1470
1471
1472
1473
1474
1475
1476
1477
1478
1479
1480
1481
1482
1483
1484
1485
1486
1487
1488
1489
1490
1491
1492
1493
1494
1495
1496
1497
1498
1499
1500
1501
1502
1503
1504
1505
1506
1507
1508
1509
1510
1511
1512
1513
1514
1515
1516
1517
1518
1519
1520
1521
1522
1523
1524
1525
1526
1527
1528
1529
1530
1531
1532
1533
1534
1535
1536
1537
1538
1539
1540
1541
1542
1543
1544
1545
1546
1547
1548
1549
1550
1551
1552
1553
-0.2706594556834019 0.4204086809869232 0.9553339441519424
-0.03253979909888993 0.4989400379550672 0.9506271455601201
-0.4397629909015833 0.237925433346866 0.9530904623091745
-0.4975667424892017 -0.04926800958720037 0.9588649832009417
-0.08146351992093327 -0.4933190599623044 0.9540500111270814
0.2498035982925251 0.4331260350984535 0.9628424917134465
0.1599397709916949 -0.4737291099933845 0.9628980573026853
-0.3824909179470097 -0.3220259270432334 0.9551546508655242
0.1152691999512248 0.4865316141245136 0.04617225571690784
-0.4900862439242712 0.09907307159970206 0.04316332849492122
-0.4619964361160325 -0.1912048456919559 0.04685872746540323
-0.2334075619545928 -0.442177464399095 0.04890149221482168
-0.1356139425028059 0.4812575803027373 0.04529384288152227
-0.383324428316682 0.3210333045895533 0.04240710258472502
0.06217185232374053 -0.4961196033000863 0.04316332849492122
0.4981229796892849 -0.04328391277909448 0.4748463940512286
0.4979756276717338 0.04494746093988781 0.469215864776971
0.2935340126914078 -0.4047688023962326 0.04073070495145784
0.2953624565356061 0.403436512067577 0.04903020000029654
0.3280338286637653 -0.377351039818617 0.9512919173474064
0.498125 0.04326065620168032 0.675
0.4981249537640285 -0.04326118858266022 0.6749894776912985
0.498125 0.04326065620168038 0.275
0.4981249999999999 -0.04326065620168196 0.275
0.4004297252731029 0.2994261764069857 0.953236845744713
-0.08352011866701518 -0.4929750397107826 0.04953902201458445
-0.3802426264692569 -0.3246776016539502 0.04805204105183489
-0.4624340335467234 -0.1901440627989945 0.9509376645011143
-0.2699220243149985 0.4208825261158907 0.04606801550969229
0.1126287063285331 0.4871496428314005 0.9593914388564013
-0.4975153876827011 -0.04978392329790449 0.04316332849492104
-0.2279551827027503 -0.4450128477684164 0.9569498101964939
-0.4901180202662367 0.09891575309476656 0.954602717207307
0.3990281799812983 -0.3012914064171306 0.0406818563800232
0.3999534499171289 0.3000620567472446 0.04634192343040999
0.4295752000514012 -0.2558615787897797 0.950404398549167
0.4980678925800584 0.04391325973848195 0.8297694831646852
0.469994059003945 -0.1706035887693933 0.04529740846965728
0.4698463103929543 0.1710100716628339 0.04316332849492113
0.4981230396319505 -0.04328322293714085 0.8248472637847538
0.4693297000431287 0.1724228310213786 0.9535937952677493
0.4981253103252172 -0.04325708281202085 0.174987788590656
0.49796954225436 0.04501483074480236 0.169309572246631
0.4979766483342786 0.04493615152366941 0.3802638947620284
0.4980709076201338 0.04387904947074495 0.5798766921994043
0.498119980849609 -0.04331841038617615 0.5747688707805779
0.498125498293656 -0.04325491821396561 0.3749350348875239
0.01123761044566933 -0.4998737001598217 0.954948713520773
-0.3833576952827933 0.3209935785455295 0.9608957333894461
-0.4402804684742914 0.2369664724809366 0.04949823891355796
-0.1860801589660891 0.4640842320518496 0.9510301285718545
-0.3113203772796311 -0.3912539107669956 0.9566264150783858
0.009126221069774105 0.4999167051509537 0.04588090180618038
-0.3121307300202795 -0.3906077410612946 0.04620810488615197
0.2056435515653071 0.455752926155836 0.04316332849497322
0.1588962178508095 -0.4740801535106781 0.03564696828802535
0.2504160002346488 -0.4327722574593713 0.9554876770107965
0.3294154520899947 0.3761455302463986 0.9591235749373673
0.4699241994233425 -0.1707959214862306 0.9532522105924771
0.4981250000000012 0.04326065620166642 0.925
0.4982565938249991 -0.04171770259625831 0.07819157250168975
0.4982505326540382 -0.04179003122716259 0.9213049026216689
0.4981382836908239 0.04310742768433622 0.08089773224654248
0.4981574563156938 -0.04288529721335328 0.1257774501889516
0.4925218613292687 -0.08615228443142171 0.1501256302769782
0.4925188605914956 -0.08616943751502003 0.2000156066337323
0.4832270983101756 -0.1284195135434172 0.1750068279240288
0.4832241785147876 -0.1284304998772046 0.2249543751171399
0.4703189923784826 -0.1697057612695835 0.1999386522850105
0.4703137493211433 -0.169720291065885 0.2498828961861203
0.4538921424356824 -0.2097186759331324 0.2249066442710735
0.453886789373147 -0.2097302611273265 0.2748309255116351
0.4340744347759143 -0.2481519394926635 0.249857377877448
0.4340671661229027 -0.2481646535952136 0.2997773901120537
0.4110132463494031 -0.2847246236722861 0.2748075517051503
0.411004459288885 -0.2847373077850026 0.3247176844292556
0.3848832083070757 -0.3191628361248411 0.2997534580043605
0.3848735079522367 -0.3191745335651633 0.3496556979850289
0.3558811382271234 -0.3512102154752436 0.3246952503978474
0.3558599580168448 -0.3512316760775563 0.3745637027087662
0.3242224530412532 -0.3806307934782896 0.3496289775055706
0.3241807193997338 -0.3806663383719016 0.3994992011229513
0.2901457137021266 -0.4072044508846675 0.3745633040487517
0.2901228784613419 -0.407220720731774 0.4244462116700747
0.2539110757302259 -0.4307309666387123 0.3994966908916632
0.2539004061646163 -0.4307372560499531 0.4493768218779998
0.2157843420596297 -0.451040040042891 0.4244254393375581
0.2901080834920296 -0.4072312609471203 0.4743102010160882
0.2157700844818614 -0.4510468608057154 0.4742978642307354
0.1760476267157662 -0.4679820863321012 0.4493503258905526
0.1760338760814867 -0.4679872588775551 0.4992188756975522
0.1350003359440352 -0.4814300668788746 0.4742754341217109
0.1349873748602575 -0.4814337011763264 0.5241396803549008
0.09294995260964417 -0.4912843436441517 0.4991945145260345
0.09296235799833534 -0.4912819964087727 0.449332837816162
0.05022091025938481 -0.4974714666920293 0.4742513843009277
0.0502066187536851 -0.4974729092456414 0.524111823354501
0.007105311939045927 -0.49994951199321 0.499169454943354
0.1760187366613887 -0.4679929533060607 0.5490853601877765
0.007090373879355815 -0.4999497240705819 0.5490283635713208
-0.03606221257061683 -0.4986978211547667 0.5240865842935105
-0.03605575614158969 -0.4986982879949141 0.474235844284629
-0.07894753055654635 -0.4937279487926759 0.4991473563070606
-0.07895978361172076 -0.4937259893625109 0.5490024682072832
-0.1212525855923803 -0.4850750565501822 0.5240625929989932
-0.1212448242290505 -0.4850769965661809 0.474211562381483
-0.1626434472950206 -0.4728076871752318 0.4991224738131733
-0.1626551684421131 -0.472803654997577 0.5489770374844134
-0.2028296956582832 -0.4570121601874158 0.5240382751217529
-0.2028297974774002 -0.4570121149983629 0.4741793432757629
-0.241495340087721 -0.4378127461779933 0.4990959994146732
-0.2415052155914817 -0.4378072987538147 0.5489527376158667
-0.2783665305123807 -0.415345729110701 0.5240138962272869
-0.2783566971702562 -0.4153523192910644 0.4741588093157635
-0.3131549551777139 -0.3897870880976486 0.4990725165818008
-0.3131629379912365 -0.3897806745705807 0.5489298560133781
-0.3456172963267462 -0.3613152148468012 0.5239859539775332
-0.3456086863610514 -0.3613234505422924 0.4741354132367848
-0.3754936634722447 -0.3301583085312145 0.4990489773168432
-0.3755055152566703 -0.3301448288430739 0.5488936340561144
-0.4025784093515943 -0.2965309837503328 0.5239595099367037
-0.4025724210073935 -0.2965391135149728 0.4741121451170523
-0.4266534078637218 -0.2607045637465379 0.499023081346908
-0.4266606933529445 -0.2606926403786357 0.5488724902068225
-0.4475498884141375 -0.2229329436859727 0.5239529182800805
-0.4475484834585571 -0.2229357641876816 0.4740856333338639
-0.4651131260887355 -0.1834932694677494 0.4990022188678595
-0.4651114015639233 -0.1834976406803175 0.5488796388521087
-0.4792090427912641 -0.1426838929489953 0.5239155723701147
-0.4792061191942445 -0.1426937115881129 0.4740627941170227
-0.4897300615079301 -0.1008189806308268 0.4989752750674695
-0.4897329039087765 -0.1008051726305603 0.548822160499167
-0.4966021783546321 -0.05819172151976764 0.5238844462499077
-0.496600432273498 -0.0582066204634394 0.4740371435169247
-0.4997705580431821 -0.0151456037583957 0.4989487211838628
-0.4997710517701673 -0.01512930310823267 0.5487954294333773
-0.4992138816859012 0.02802677883908614 0.5238607340908094
-0.4992146771414129 0.02801260656552539 0.4740128442684581
-0.4949367506490582 0.07097614287175627 0.498924280217686
-0.494934659283001 0.07099072503094823 0.5487722186761546
-0.4869680618087169 0.1134112286251309 0.5238360094069696
-0.4869716495854934 0.1133958222333758 0.4739888997650471
-0.4753730766669378 0.1549852831084605 0.4988993654713337
-0.4753678964637875 0.1550011710007179 0.5487469906332669
-0.4602292682158764 0.1954201132879594 0.5238106793713085
-0.4602358208737232 0.1954046805598326 0.4739629758358389
-0.4416615582488211 0.2343823115450976 0.4988743777610831
-0.4416538868926957 0.2343967666000833 0.5487216859432651
-0.4197937805148688 0.2716121901554387 0.5237862476959343
-0.4198023115789105 0.2715990044035571 0.4739380999323649
-0.3948054640493546 0.3068039203738664 0.4988495277653434
-0.3947961514233823 0.3068159037945813 0.5486975853149926
-0.3668651277251216 0.3397204410382605 0.5237619103286733
-0.3668749500378772 0.339709833585525 0.4739139283533998
-0.3361997619990264 0.3700942042666948 0.4988270674343568
-0.3361895069212162 0.3701035198914886 0.5486732281387036
-0.3030183414803174 0.3977183484911373 0.5237373009836116
-0.3030294000350763 0.3977099228261494 0.4738915947106116
-0.2675890337332801 0.4223696355394047 0.4988015776386243
-0.2676014965730216 0.4223617395454743 0.4489560869183961
-0.2301667894198589 0.4438730100469664 0.4738673845255647
-0.2301536124151874 0.4438798426288805 0.5237129811082237
-0.1910155707203805 0.4620747252797618 0.4987788303952165
-0.1910019990865863 0.4620803353800372 0.5486246971216965
-0.150438898692795 0.4768313514861402 0.5236893524895471
-0.150453488724953 0.4768267481281754 0.4738433975909073
-0.1087541203411481 0.4880292422681484 0.4987538187002757
-0.1087397378746963 0.4880324470841487 0.548602416618015
-0.06623961199719251 0.4955928911944373 0.5236645744725135
-0.06625689192216028 0.4955905812995392 0.4738130717721808
-0.02324427338047202 0.4994594115191082 0.498728700619039
-0.02322728713150576 0.4994602017503603 0.5485848964918358
0.01994829730088869 0.4996019069567242 0.5236426082518381
0.01993071810112123 0.4996026085560139 0.4737782240179408
0.06297644530373007 0.496018111904098 0.498703013439778
0.06299552795765581 0.496015688720968 0.548566431151958
0.1055541756258436 0.4887313331554962 0.523602851348136
0.1055381090983182 0.4887348028613795 0.4737518318230228
0.1473441601181449 0.4777967125034228 0.4986645566316598
0.1473458374731779 0.4777961952332059 0.5485258937270437
0.1880374414403573 0.4632946369391342 0.5235706636546509
0.1880185501497195 0.463302303900593 0.473717874054419
0.2273226585236664 0.445336287452227 0.498657011189055
0.2273231964047753 0.4453360128894989 0.5484969473984393
0.264940551298895 0.4240359704994821 0.5235660711153055
0.2648916304795259 0.4240665326359749 0.4737196793959769
0.2649465018491164 0.424032252497279 0.5734459257972465
0.30057229482676 0.3995701385020849 0.5485007304037797
0.3005849565421685 0.3995606135501129 0.5983981795211266
0.3848433491720246 -0.3192108967407898 0.3995190059587788
0.2649664042036927 0.4240198163333471 0.623352995555456
0.3339620446528141 0.372114703728987 0.5734373246341824
0.3339749017047799 0.3721031645004952 0.6233410723322481
0.215770773182282 -0.4510465313471773 0.3745725779143483
0.3648574574559756 0.3418757606774147 0.5983749641455816
0.3648466661363871 0.3418872770507316 0.548462101062255
0.3648695408170287 0.341862864587499 0.6482847257715403
0.3930275224392447 0.3090782532066419 0.6233155986474636
0.3930368825897707 0.3090663503588102 0.6732273043782436
0.3648806779843732 0.3418509775233415 0.6981931865835255
0.3241965598595092 -0.3806528478486135 0.299777371927457
0.393043743267567 0.3090576254976066 0.7231349531189434
0.4182611034795352 0.2739665113039942 0.6482577851542212
0.3648924598595966 0.3418384014963982 0.7480958092943026
0.4340577153146977 -0.2481811833636564 0.3496933497465866
0.4182346948922652 0.2740068247113088 0.5983921134736018
0.3848515950683721 -0.3192009551572954 0.2498968518691583
0.1349732426316824 -0.4814376634347265 0.5740037563271786
0.176003156323444 -0.4679988129944191 0.5989489935759056
0.1349583253034944 -0.4814418453263864 0.6238669007049046
0.1759876118917778 -0.4680046585885967 0.6488111632708499
0.1349442406408107 -0.4814457933328268 0.6737280176115312
0.1759723853992307 -0.4680103840481583 0.6986719621583453
0.2157034626979009 -0.4510787250360355 0.6737543783300898
0.1349287727434448 -0.4814501285553342 0.7235859676111169
0.09289619377214421 -0.4912945116553291 0.6986446071522877
0.2156886845706522 -0.4510857915609643 0.7236168655737838
0.2538118208144692 -0.430789460891099 0.6986977619346639
0.2537981212773606 -0.4307975320682352 0.7485634315505474
0.2900310807853269 -0.4072861060464685 0.7236456567130455
0.0928805764816495 -0.4912974643863293 0.748500000938333
0.05015731155497984 -0.4974778830235337 0.7235597490541016
0.2900443123742957 -0.4072766834221203 0.6737774680837575
0.3240991085359705 -0.380735824222241 0.698704917692855
0.3240918244405057 -0.3807420246450665 0.7486017206967883
0.3557522449027157 -0.3513407750983056 0.7236748428389068
0.355759580328225 -0.3513333474133721 0.6737749657785962
0.3847622262840107 -0.319308673895608 0.6987469333985553
0.384772978178585 -0.3192957175778938 0.6488538108865988
0.4109035688434476 -0.2848828831497571 0.6738169074298159
0.4109138817757572 -0.2848680076175263 0.6239081192602527
0.4108896148741693 -0.2849030087390388 0.723717821612357
0.3557390773757516 -0.3513541074583433 0.7735587807782631
0.4339793233386434 -0.2483182371766786 0.6488768709766917
0.4339874025908439 -0.2483041167448755 0.5989591028907199
-0.3030407676602125 0.3977012611696236 0.4240453743775399
-0.2676134576350197 0.4223541609746843 0.3991106780509389
-0.3030519699595647 0.3976927249820231 0.37419826125051
-0.2676250319929778 0.4223468269689706 0.3492639688446464
-0.3030629605346121 0.3976843496442828 0.3243517570169268
-0.2676371122046071 0.4223391719587216 0.2994164450401255
-0.3030747207995167 0.3976753872347332 0.2745061351977919
-0.336241201272542 0.3700565559030104 0.2994404270752971
-0.2302035860268845 0.4438539275261207 0.324329002136409
-0.2302161994947128 0.443847385359214 0.2744805639206476
-0.1910663718941657 0.4620537214774927 0.2993926813222603
-0.3362521057639761 0.3700466475585096 0.2495951890190378
-0.3669122277276131 0.3396695705298904 0.2745290813733245
-0.1910796802211283 0.4620482180536912 0.2495455533137082
-0.1505039666008441 0.476810817869532 0.2744571667476073
-0.3030069080958658 0.3977270592330669 0.5735837129487484
-0.3361789384933951 0.3701131196181163 0.5985196720525749
-0.3029958416686542 0.3977354899069278 0.6234310289500213
-0.3361684472984016 0.3701226486463397 0.6483662407423044
-0.3029847987415952 0.397743902192749 0.6732776418492612
-0.3361579262346467 0.3701322042589942 0.6982127044846084
-0.3029729038917288 0.3977529629146881 0.7231248937329326
-0.2675417131162114 0.4223996114378454 0.6981889628928644
-0.2675285530215671 0.4224079465613621 0.7480353867262238
-0.2301031622015456 0.4439059976446018 0.7230995844163569
-0.3361470427976598 0.3701420884179321 0.7480599544883504
-0.3668262196235506 0.3397624531885397 0.7231482805984941
0.05023413205672349 -0.4974701317431104 0.424391720033043
0.4403638255516223 0.2368115308542647 0.62329250564982
0.4403326342300624 0.2368695236454324 0.5734229588438723
0.4403668145076078 0.236805972645164 0.6732058849647509
0.393050029640712 0.3090496306411568 0.7730343746400016
0.2156754097586089 -0.4510921387316079 0.7734986044082346
-0.2300897636623265 0.4439129426563442 0.7729462079847301
-0.1909484223009441 0.4621024778344954 0.7480108246493506
-0.3668164151740191 0.3397730383048096 0.7729942155482324
-0.3947612185493333 0.3068608484793156 0.7480835975922865
0.05014762851934895 -0.4974788592029669 0.7734271245609198
0.00704713832820631 -0.4999503353748082 0.7484761449443776
-0.1505123807493358 0.476808161886064 0.2245984617553477
-0.1088096793801724 0.4880168579805252 0.2495015658315328
-0.3669220948318092 0.3396589117397582 0.2246837308568379
-0.3948478651242802 0.3067493494806439 0.2496190282415006
-0.2302301563738927 0.4438401458814343 0.2246336279310152
-0.3948381241362879 0.306761887672731 0.2994640470127572
-0.4198310183561477 0.271554628069639 0.2745532630507181
-0.419838652235452 0.2715428255158275 0.2247091975005006
-0.4416926921921507 0.2343236344546789 0.2496451583552598
-0.4416863832516131 0.2343355262227842 0.2994894066900068
-0.4602557612795611 0.1953577083428542 0.2745781578154826
-0.4602610616132645 0.1953452204755232 0.2247340791157406
-0.4753936511515002 0.1549221625360482 0.2496686056584966
-0.4753892411486151 0.1549356944030131 0.2995126256442756
-0.4869832117667614 0.1133461576646056 0.2746032163673251
-0.4869864525068249 0.1133322331678767 0.2247571615272667
-0.4949460001635062 0.07091161345045389 0.2496928334586378
-0.494947945697178 0.07089803276638451 0.1998450317583901
-0.4992183074282001 0.02794783584686033 0.2247807849099661
-0.4992175124184629 0.02796203309349697 0.2746280985699846
-0.4997685846756903 -0.01521058089809109 0.2497168877440577
-0.4997690251550793 -0.01519610132704166 0.2995628707042627
-0.496594772345579 -0.05825488888533322 0.2746512609128654
-0.4965931056201159 -0.05826909515831234 0.2248050009218878
-0.4897176546234083 -0.1008792285366429 0.2497395518810979
-0.4897147332830428 -0.100893409128239 0.1998936575623795
-0.4791888429586184 -0.142751717271564 0.2248282241240648
-0.4791928237610578 -0.1427383538363247 0.2746751454834718
-0.4650921706347267 -0.1835463778293602 0.2497633262150393
-0.4650972328281904 -0.1835335501088563 0.2996106988626195
-0.4475295332116444 -0.2229738031773412 0.2746987253182051
-0.4477509006430275 -0.2225289441249335 0.2255778230640012
-0.4269961190953726 -0.2601428728170164 0.2511650013936487
-0.4267201351238172 -0.2605953305028914 0.2999649046991996
-0.4025799594227756 -0.2965288793206429 0.2749897871000704
-0.4025382543677791 -0.2965854915037841 0.2248756079744361
-0.3754703277608296 -0.3301848466710355 0.2498516089521721
-0.3754690483528059 -0.3301863015466243 0.2997090009657979
-0.3455847569049251 -0.3613463377356465 0.2747590804833864
-0.3455726094117983 -0.3613579549758392 0.224900926133789
-0.3131181285158995 -0.3898166717762346 0.2498326777807729
-0.3131327100377858 -0.3898049587991306 0.299679592411769
-0.2783335544304206 -0.415367827928606 0.2747668320209345
-0.2783191961239915 -0.4153774489171206 0.2249152005082744
-0.2414580733201615 -0.4378333002736493 0.2498541846210271
-0.2414701310289517 -0.4378266504232707 0.2996999347433862
-0.2027973923957619 -0.4570264955530252 0.2747903457157902
-0.2027833691798187 -0.4570327178486037 0.2249391093126145
-0.1626101270815412 -0.4728191478467481 0.2498783657175492
-0.1626227897858427 -0.4728147927489892 0.2997288605701349
-0.1212236045962557 -0.4850822999127989 0.2748156663888925
-0.1212105666882688 -0.4850855579411829 0.2249633349234241
-0.07892005505345233 -0.4937323413656027 0.2499018873409645
-0.07893256739497553 -0.4937303411827529 0.2997535127677779
-0.03604003332535035 -0.4986994245012797 0.2748383276316995
-0.03602725441349357 -0.498700347843698 0.2249860793734436
0.007121932203540738 -0.4999492755087142 0.2499227438688199
-0.1088042699768978 0.4880180640455785 0.299370969929879
-0.06630649651365367 0.4955839469959503 0.2744288911669763
-0.06630369641234245 0.4955843216265623 0.2245430512619838
-0.02330788690213399 0.4994564469582481 0.2494850657779039
-0.02330069369549007 0.4994567825881524 0.2993420518728249
0.01987070689480424 0.4996049989816963 0.2744052632707508
0.01986715866366184 0.4996051400922862 0.2245326172191997
0.06290224703685783 0.4960275267741843 0.2494554302083783
0.06290470433867927 0.4960272151526198 0.2993209326451882
0.1054632509767434 0.4887509618337507 0.2743764883048879
0.1054593461784947 0.4887518043993336 0.2245078595644932
0.1472441312309022 0.477827548199198 0.2494316079166685
0.1472411533828303 0.4778284658227195 0.2992874516056611
0.1879296304933001 0.4633383795701061 0.2743546164036939
0.1879200208840043 0.4633422771029592 0.2244828932189904
0.22720881887779 0.4453943787523139 0.2494117977813003
0.2272232523357562 0.4453870155246572 0.2992866964562644
0.2648085973561941 0.4241183876775977 0.2743368957063975
0.2647937318519548 0.4241276689534828 0.2244572559701038
0.3004190832116181 0.3996853442925958 0.2493830959983413
0.3004339704541722 0.3996741540269292 0.2992674267157217
0.3338085342950185 0.3722524176305796 0.2743084418258987
0.3338223151085225 0.3722400595524161 0.324200209587573
0.3647107053688471 0.342032310446481 0.2992368757788013
0.364697263480883 0.3420466430321388 0.2493303095629895
0.3928835576602109 0.3092612328117699 0.2742428385261563
0.3928933385390513 0.3092488068394742 0.3241724110145381
0.4181297634961533 0.2741669215617576 0.2991993772631509
0.4181419350940392 0.2741483578572235 0.3491224101341351
0.4181180431089697 0.2741847953966918 0.2492751768561184
0.4402580047406063 0.2370082050516823 0.3241444886432648
0.440268951308866 0.2369878699709996 0.3740759655181052
0.4109204329786092 -0.2848585574643535 0.5739916919160345
0.4339935395229613 -0.2482933902711303 0.5490395816307855
0.3929013045187677 0.3092386859813154 0.3740972669087382
0.4538131421981372 -0.2098895708896783 0.62393472135029
0.4538062666555876 -0.2099044362182889 0.6738629288668013
-0.3361364202484207 0.3701517350797874 0.7979077020397568
-0.3947331413645891 0.3068969649710523 0.7978801521949719
-0.4197222851569536 0.2717226588686062 0.7729099517224992
-0.4197543795416184 0.2716730771637686 0.7231465745932187
-0.4416245133223818 0.2344521043470701 0.7480874722103866
-0.3362624555596599 0.3700372426945533 0.1997491771087043
0.3240784786696622 -0.3807533843095256 0.7984783517221923
-0.4415883863018749 0.2345201421697209 0.7979294638163796
-0.4601975143561313 0.1954948791667912 0.7730351190754412
-0.460205297603544 0.1954765562865111 0.7231921802663959
-0.4753493224380621 0.1550581234817295 0.748131369233935
0.004725587030605348 -0.4999776683285126 0.7973675722425169
-0.03611656787386594 -0.498693887595399 0.7733873152928824
-0.03610543010240182 -0.4986946940936113 0.7235300610968048
-0.07899489764923222 -0.49372037242288 0.7484485801239976
0.09287503355863821 -0.4912985122524612 0.7983865969044883
0.3004044919191283 0.3996963112599494 0.1995040743283034
0.3557655895274762 -0.3513272624038268 0.6238626923532196
-0.4753447800871905 0.1550720479127702 0.7979766423042312
-0.4869509710601301 0.1134845883087054 0.7730672805378883
-0.4869542422647206 0.1134705509830276 0.7232223010671135
-0.494925912683036 0.07105167805804329 0.7481581532717195
-0.4949239701361379 0.07106520797607872 0.7980049700859296
-0.4992095809481787 0.02810327898206585 0.7730943278245999
-0.4992103909943451 0.02808888611663244 0.7232473479822424
-0.4997728723646358 -0.01506904271682349 0.7481825964384576
0.4340797289987979 -0.2481426784580399 0.1999305519806817
-0.1909350803441202 0.4621079907272589 0.7978585775170707
-0.1503690505650423 0.4768533827416638 0.7729223869721886
-0.1503835750782618 0.4768488023961902 0.7230734157409721
-0.1086810095272976 0.4880455287861241 0.7479840962314575
-0.1089279958559611 0.487990462733447 0.7974532113314319
-0.06653561187625009 0.4955532386658905 0.7721975208491313
-0.066269268018235 0.4955889265473224 0.7228783095042619
-0.02320203970433315 0.4994613752369231 0.7478215515212869
-0.02302287043733695 0.499469666182868 0.7976568462614939
0.02002451452543087 0.4995988579030389 0.7728294023362219
0.01999646283583704 0.499599981459222 0.7230137614084003
0.06303863864860934 0.4960102116260612 0.747923371112613
-0.07936636342164544 -0.4936607948351006 0.7977331933603192
-0.1213351925128021 -0.4850544001015569 0.7732396289770763
-0.1212969152383154 -0.4850639734650152 0.7234764577958527
-0.162689760086965 -0.4727917532728821 0.7484020445400681
-0.1618793904152645 -0.4730698288400798 0.7958462708123554
-0.2028647995124066 -0.4569965788917802 0.7729566074091228
-0.2028595622054681 -0.4569989037424552 0.7233878072467721
-0.2415347774769676 -0.4377909903928491 0.7483283564470755
-0.2427387282184845 -0.437124593019968 0.7954380977938822
-0.2786310717005747 -0.4151683103067829 0.772845008148491
-0.2784481883528828 -0.4152909900334915 0.7233351925200087
-0.3132191705238705 -0.389735488782249 0.7482901264022762
-0.3144149530669597 -0.3887714460809867 0.793848980862994
-0.3456706315859187 -0.3612641892839533 0.772110390773815
-0.3456476366869486 -0.361286190232518 0.7231409743329357
-0.3755382366271114 -0.3301076079568595 0.7481279708141282
0.06305256887679941 0.496008441014905 0.7977856327146041
0.1056059818633578 0.4887201413842857 0.7728469127577485
0.1055919538651153 0.4887231724391093 0.722982943270953
0.147375634778058 0.4777870051327939 0.7479052439595286
0.1473889676623849 0.4777828923385772 0.7977701042674925
0.1880610071487795 0.4632850716245741 0.7728273789001362
-0.374523760487727 -0.3312581362474463 0.7953312063423557
-0.4019450954132617 -0.2973888704595785 0.7708198330677103
-0.4024396850137882 -0.2967192274288993 0.7227956307037146
-0.4266247566102623 -0.2607514468746711 0.7478577004820383
-0.4266573671324339 -0.2606980841349233 0.7950499419386702
-0.447479607313362 -0.2230739810885154 0.7722087802730114
-0.4475429735753065 -0.2229468250578431 0.7230783643177555
-0.4651220419678422 -0.1834706681616025 0.7481020457157038
-0.4651956845756 -0.183283864680552 0.7978610709053728
0.3649047968756275 0.3418252319785025 0.7979933574925013
0.3340206720889742 0.3720620789831047 0.7730528844030731
0.007135016284444228 -0.4999490889506858 0.2000703089888917
0.05023224533486296 -0.4974703222591456 0.2250072366317549
-0.4997733113855143 -0.0150544753066228 0.7980298830235852
0.3557250115358432 -0.3513683482726129 0.8234390068900588
0.4591830173629111 0.19786600659409 0.6482375201229829
0.4591794623469621 0.1978742564326013 0.6981569329692483
0.4590966573075135 0.1980663001347466 0.3490890137248975
0.4590873883296857 0.1980877832594134 0.2991498088316874
0.4591053524224206 0.1980461445650609 0.3990305142440033
-0.4651163497470898 -0.1834850980269048 0.6984642212686757
-0.4992167347765467 0.02797591319408594 0.3244750159550779
-0.4791968729721526 -0.1427247593576902 0.3245224735375658
-0.4997724385449732 -0.01508342370985502 0.69833568518001
0.05021775529847591 -0.4974717851826196 0.2748598493513011
0.0929531101163292 -0.4912837462400945 0.2499402578278237
0.0929682984432849 -0.491280872296653 0.2000879372559577
0.1350014362568151 -0.4814297583330273 0.2250285003960243
0.09297437924692227 -0.4912797215473578 0.399472476441227
0.1473635528705179 0.4777907316863504 0.6980369236949567
0.2157326097387562 -0.4510647859180602 0.5740320341800531
0.4402769164666561 0.2369730719440779 0.4240160132957307
0.4591132971568345 0.1980277262753379 0.4489758966439893
0.4703035476896185 -0.1697485582576733 0.2997906962968277
-0.4992190877985751 0.02793389298967459 0.1749342032886296
0.1880734170674616 0.4632800338807714 0.8226937166508193
0.2647796705653372 0.42413644744977 0.1745810770653
-0.4869893536685745 0.1133197662081246 0.1749106461032368
-0.2300777485486379 0.4439191701456356 0.8227937509821414
-0.4791849779385258 -0.1427646907258745 0.1749814632137693
-0.03601434047097947 -0.4987012806083822 0.1751347778848721
0.3340389257824711 0.3720456908258619 0.8229493497320244
0.3930579542593958 0.3090395518269768 0.8229274268346932
0.4182686192796271 0.2739550366865234 0.7979713179322477
0.1350135642451292 -0.4814263572653936 0.1751698866171083
0.1760419718724481 -0.4679842135577441 0.2001089841286118
-0.3669316916341201 0.3396485443433005 0.1748377831157754
-0.3362728245762598 0.3700278198345417 0.1499026065902367
0.4182741066356138 0.2739466585271286 0.8478663302303073
0.4403621468818283 0.236814652404844 0.8229095479869315
-0.447549147812767 -0.2229344304769141 0.6734749922242119
0.05016673822530411 -0.4974769325062558 0.6736965100211278
-0.4997694491475427 -0.01518215066325363 0.3494097896348036
-0.4651021781444777 -0.1835210175572882 0.3494583772568559
-0.2301166195315528 0.4438990216427274 0.6732536997092462
-0.4992111827269765 0.02807481149239131 0.6734002294159306
-0.1910534856879519 0.4620590499129776 0.349240901846168
0.1760299595753004 -0.4679887320565722 0.2499725308165044
0.215759947570579 -0.4510517099228657 0.2250515928973629
0.215771404036154 -0.4510462295599718 0.1751866895039073
0.2538819261767807 -0.4307481486446201 0.2001290021932389
0.1055756289422886 0.4887266992639549 0.6731145993727019
-0.03605412002941509 -0.4986984062826996 0.3246881904625747
-0.07894611627167125 -0.4937281749359862 0.3496060993914991
0.3004439811030806 0.3996666288532628 0.3491588036131835
0.4702439560422776 -0.1699135715759881 0.648916970703756
0.470243852782726 -0.1699138573514767 0.6988556831250647
0.4702534745476413 -0.1698872263469827 0.5989810442087015
0.4109273925603327 -0.2848485177134791 0.5240721052113643
0.4339994538605296 -0.2482830522785678 0.4991168267015924
0.2273427637780015 0.4453260241191613 0.7977496138603499
0.2273196900917525 0.4453378026808297 0.7479015408215522
-0.496611762724481 -0.05810987113807609 0.7731251318052133
-0.4966130267379638 -0.05809906775636296 0.8229668291966078
-0.4997737434257801 -0.01504012573692641 0.8478768038021238
0.4744933839119274 0.1576579481783531 0.3240975516377253
0.4741287938146589 0.158751021652954 0.2743447800509744
0.4745084496922737 0.1576125983880569 0.423986534371122
0.4741438968665185 0.1587059074648208 0.4740610238817355
0.007146960378249137 -0.4999489183480166 0.150218210528156
-0.4897119428309971 -0.1009069524299009 0.1500471164137286
0.3240642196814426 -0.380765520395765 0.8483545125877507
0.2538923753129237 -0.430741989778059 0.1502625490663421
0.2901112962135801 -0.4072289722125335 0.1752045673243344
0.1474038808629383 0.4777782915815082 0.8476349297236099
0.4742083615666305 0.1585131850045661 0.6733898073324608
0.4743611313345343 0.1580554240733947 0.723153755005606
0.4744793741810662 0.1577001061405598 0.6232814691227673
0.3003896725366606 0.399707448808898 0.1496275471134041
0.2273547147309699 0.4453199228527726 0.8476160112638443
-0.1909226435166146 0.4621131292147278 0.8477062531182791
0.4703253354790601 -0.1696881811043703 0.1500021695827936
0.4403686602084163 0.2368025403289509 0.8728068376767898
0.4591690523557824 0.1978984117134161 0.8478478793221149
-0.4651118196471499 -0.1834965809613824 0.6486161955948746
-0.4792081191079059 -0.1426869951364279 0.6735306578610341
0.05019019866523114 -0.4974745661417723 0.5739705519391941
0.007075542540151327 -0.4999499341911773 0.5988862762687387
0.290004685366919 -0.4073049011063264 0.8233983579493888
0.384786280929874 -0.3192796861814984 0.5490243382051075
-0.2301415918009225 0.4438860751626904 0.5735585727601646
-0.4992160178058944 0.0279887042576986 0.3743219254308059
-0.190989404179735 0.462085541313586 0.5984704066332313
-0.4792008272422744 -0.1427114822651629 0.3743706166150796
-0.4997720229295647 -0.01509718837700053 0.6484895913652662
-0.3362200924049985 0.370075734766783 0.3991326884170452
-0.3668455130770318 0.3397416217292919 0.6234557342783387
-0.4949419799399822 0.07093966797984239 0.3493858558522286
-0.0360590191450264 -0.4986980520698859 0.3745336693389906
0.3847309530409219 -0.3193463539360109 0.7985200589355579
0.3847173880803044 -0.3193626955495404 0.8483994741761319
0.4108518282949449 -0.2849574971582624 0.8234838833441147
0.3337723631944934 0.3722848500376603 0.1745469379057706
0.3337580700962748 0.3722976640345869 0.1246716693718855
0.3646511966726382 0.3420957537959408 0.1495916993097073
0.05024674842279443 -0.497468857591042 0.3745303097887588
0.09298013548964275 -0.4912786321471021 0.3496173893053693
0.4538237018690276 -0.2098667377692139 0.5240895339892717
0.4538290717211056 -0.2098551254097922 0.4741571572790939
0.4702574745425519 -0.169876153820544 0.4991315208596289
0.4702675173181949 -0.1698483504641162 0.4491955141236056
0.2157462015933572 -0.4510582850342497 0.2749116230516992
0.147342027140953 0.4777973702711168 0.6481807976459076
0.3847813576697831 -0.3192856194534894 0.4991415480315485
-0.3030975719855813 0.3976579709454412 0.1748136239883407
0.1880414617633272 0.4632930051899242 0.6730907390326084
0.4340035889215004 -0.2482758240410397 0.449236604200086
0.3557833928488558 -0.3513092332589007 0.5240717045433567
0.4402685037117585 0.236988701501589 0.4739006051722012
0.4181542940223342 0.274129506603509 0.448991770973074
0.4181538941003981 0.2741301166392942 0.4988034685520961
0.1760269842048993 -0.4679898512059082 0.2998213183374872
0.3929122997896831 0.3092247154966469 0.4739604768295914
0.4831768723944382 -0.1286083589162413 0.6241149335259655
0.4831549221191285 -0.1286907969983045 0.5741356721116945
0.09298070104222728 -0.4912785251094291 0.1502326901481281
0.4590318315990059 0.1982164916924469 0.2492607647658687
0.4740318723190449 0.1590401962577407 0.2240579443619465
0.4589938885110056 0.198304337596399 0.1992821213139798
0.4739986124447166 0.1591392955887495 0.1744217287659039
0.4589797254517363 0.1983371161034888 0.1493921804088642
0.4402193402064101 0.2370800128822186 0.1743365989812667
0.4402245780631417 0.2370702867698287 0.1244088753586618
0.4537964388940073 -0.2099256821999573 0.7237919422779486
0.4702288051474358 -0.169955496556054 0.7487891050230312
0.4537846171626643 -0.209951235353675 0.7737117026960273
0.4702232839204701 -0.1699707717787061 0.7987461372776425
0.4831583990166842 -0.1286777426738384 0.7737834319057654
0.4537789830683485 -0.2099634123495222 0.8236737206369478
0.4702108409590248 -0.1700051912284055 0.8486775975720221
0.3338337422623419 0.3722298114433075 0.374095700725568
0.2157819669190168 -0.4510411763382146 0.1253217096195662
0.4537657863862689 -0.2099919310479596 0.8735642876653305
0.2655138455020989 0.4236772330993105 0.1263639659899181
0.2272126383209942 0.4453924303209621 0.1499216588262054
-0.479349630097031 -0.1422108720381096 0.1250499276150969
-0.4650820637051057 -0.1835719859341289 0.1500704951599156
-0.03600099894122658 -0.49870224390435 0.1252842860666367
-0.07889291040205566 -0.4937366795046659 0.1501997340455913
-0.2305639377698814 0.4436668464062266 0.8744984071823884
-0.2674930707107268 0.4224304168993352 0.8480278454600351
0.289547941806743 -0.4076297209422774 0.8750288798471032
0.2537807423413339 -0.4308077701442739 0.8486051372331104
-0.3031105509795193 0.3976480779343617 0.1248605316059085
-0.2676776208678321 0.4223134988211212 0.1498601840569263
-0.3359858669576083 0.3702883973401602 0.1006143058685246
0.3924798906308878 0.3097733614279419 0.8710284418716968
-0.4965030592475552 -0.0590314505820306 0.8710109769517204
-0.4897177840525878 -0.1008786002213701 0.8476439847812801
-0.4895974523262234 -0.101461000762221 0.8963851793304294
-0.4792416397135949 -0.1425743692415468 0.872836917617187
0.4112256276819972 -0.2844177968017251 0.8721847606242599
0.384330681599052 -0.3198279649774362 0.9064412819236135
0.4746520054932274 0.157179749590261 0.126284862677226
0.1351162999390674 -0.4813975337398146 0.1264963908038759
-0.4792103807160138 -0.1426793994030432 0.6236534992226642
-0.4475458879154871 -0.2229409747218719 0.6236863637397293
-0.4266501649823441 -0.2607098707769588 0.6486230285706192
-0.4651065518619526 -0.1835099327423035 0.3993068189467696
-0.447541555090767 -0.2229496724979382 0.3743945068817843
-0.4997698624268949 -0.01516854013419011 0.399257203083992
-0.4949404454426546 0.07095037325501947 0.3992324711159125
-0.4869774359723498 0.1133709700663974 0.3742956815086954
-0.4992119968070927 0.02806033221248943 0.6235524874026545
-0.4949299822991845 0.07102332448800809 0.6484649581908379
0.4403585630706299 0.2368213164611034 0.7730152659645374
-0.07895124255510684 -0.4937273552265508 0.3994557205476785
-0.1212463392673555 -0.485076617880377 0.3745162625020853
0.2900974424257339 -0.4072388413425811 0.2250691357226848
0.324169479779634 -0.3806759099015874 0.2001514145441017
0.3241778696208117 -0.3806687652646484 0.1502757041750585
0.3558194522314098 -0.3512727108867689 0.175222704291188
0.3558258000963928 -0.3512662807412091 0.1253464933440612
0.3848233690817999 -0.3192349833720183 0.150238093217618
0.2649278117151826 0.4240439300117438 0.8226715750352259
0.2655948634897007 0.4236264492307902 0.8713076276478908
0.1880217495011775 0.4633010055185683 0.6232555879395519
0.1055523040904424 0.488731737358235 0.6232772308212691
0.06299575031562991 0.4960156604807663 0.6482230848603686
0.4831901235737998 -0.1285585644005724 0.4743004183119677
0.4831829471811835 -0.1285855339970465 0.4242962840266817
0.4702683256246764 -0.169846112449368 0.3993450525745712
0.4831864023737265 -0.1285725497963514 0.3744594683759919
0.4181172206193886 0.2741860496478942 0.1493801572642453
-0.4792324255379478 -0.142605337603525 0.7731220507118661
0.355786670335565 -0.3513059140002228 0.4742041332473351
-0.4966078233284182 -0.05814352766224767 0.6734245015577096
-0.4966050265660399 -0.05816741002780514 0.6235904028601653
0.3004565580299979 0.3996571740088829 0.3990085846686965
0.2648065575277848 0.4241196612870995 0.3740724894379217
0.3338451006724023 0.3722196243577622 0.4239952787196899
0.1350227375632917 -0.4814237845608736 0.374572836589695
-0.4897234378837464 -0.1008511496579206 0.3494335651847394
-0.4897258647290197 -0.100839364413972 0.3992825394983311
0.006421249672879881 -0.4999587658523836 0.1014123340073827
0.4855104083930792 0.1194974616549885 0.6458441553090613
0.4858644057121979 0.1180499015752776 0.5994795813664319
0.4745574616196348 0.1574649663294309 0.5732800513645046
0.4863926378074242 0.1158542268833377 0.5482807708313259
0.4854488268468699 0.1197473862470398 0.147141366862357
0.4855949462229119 0.1191534649213662 0.09986576351828036
0.4861853747176197 0.1167209553194613 0.2495981599150059
0.4854699872844735 0.1196615704644273 0.4465078904833361
0.4865116047040482 0.1153536236461255 0.3931566055228035
0.3640779511748818 0.3427057709877387 0.1008238768635423
-0.4895214912794596 -0.1018268607761919 0.1009800168522193
-0.4965265834300088 -0.05883325545405878 0.124867598286213
-0.4996871130002661 -0.01768584466343944 0.8915134028068499
-0.4992120910335436 0.02805865581094239 0.8718524520342666
-0.4995865129028019 0.02033017770750069 0.915550238661784
-0.4947763681436092 0.07208568184195598 0.9064525736971416
0.252225363650092 -0.431720240354305 0.09999391962289157
0.2146038225836942 -0.4516029221921248 0.07929237049096849
0.3215273569252083 -0.3829101183681226 0.1080701914023991
0.3523213828745767 -0.3547811200858156 0.07959168180016939
0.2271276557207366 0.4454357731556847 0.8931980898310345
0.4597763787678329 0.1964832856177293 0.9073274878549636
0.4745453576390931 0.1575014398130545 0.8727875465975307
0.474540116123908 0.1575172314037671 0.822889262055998
0.4402645159553691 0.2369961096528475 0.92034852293046
0.4860598819761688 0.1172424459541544 0.8497466530257617
0.4863752947059644 0.1159270145379681 0.7978895103210433
0.485758748577253 0.1184839152824597 0.8976076465097157
0.4165885919018063 0.2765030652583625 0.09124457476099601
0.440117309386531 0.2372693700804226 0.07863208639705122
-0.478632252183211 -0.144606940255394 0.9209298243549526
-0.4644455893767762 -0.1851763875564567 0.8967165257387465
-0.4452232201212747 -0.227544027091117 0.9164302502197348
-0.4477407893699265 -0.2225492878766301 0.8687420627231015
-0.4260616198488563 -0.2616705869825049 0.8880962473610285
-0.4241227724118337 -0.2648015746208846 0.93974726637772
0.09118943531251562 -0.4916141646529161 0.09289695370331677
-0.4790228262214152 -0.1433078223923868 0.07598091600601337
0.3325002153049438 0.3734214868244274 0.07705354984771676
0.2275506819583094 0.4452198188988315 0.09276224606251078
0.1874757856814006 0.4635221998816686 0.1251587146450223
-0.03690619359584065 -0.4986360725762491 0.07743647709945456
-0.3996885422327172 -0.3004148285419437 0.9130296219044697
-0.3656483774958306 -0.3410297113664241 0.9116738339506926
-0.40137115776731 -0.2981630321024542 0.8621304090189592
0.4945302820068666 0.07375500103863497 0.1242942398308348
-0.1908504460527476 0.4621429510892353 0.8989602786467193
-0.1503435727225845 0.4768614160749525 0.8726178857688469
0.4945510159135009 0.0736158451620585 0.4237955062544372
-0.2676977360232354 0.4223007484341392 0.8984825641707493
-0.3029398477635429 0.3977781399687537 0.8728558915774473
0.3241076180807999 -0.3807285803587516 0.8994020902583529
0.2535409256159586 -0.4309489517771252 0.8990348317495371
0.2156447038549621 -0.4511068185023429 0.8734160505802726
0.4943875765251589 0.07470558330928269 0.6214636548501569
0.4701406472629326 -0.170199212075705 0.8996953141280647
0.4830993369579001 -0.1288993042294536 0.8739337245156583
0.4833256442150135 -0.1280481223764807 0.9224133639935562
0.4943783814166923 0.07476640948856292 0.8712254091046364
-0.2682253236478767 0.4219658466677035 0.09901106541510266
-0.2303522164879734 0.443776809172221 0.1247895321702306
-0.2302055317456474 0.4438529183791673 0.07628082434543274
-0.1917016730081279 0.4617905028970223 0.1011261667706079
-0.1912623450227734 0.4619726348782897 0.1500987203041222
-0.1514560954241479 0.4765092351244322 0.1268219638515186
0.4526089358998047 -0.2124738834389923 0.922290678372252
0.008884303580001923 -0.4999210629188356 0.04887666004052109
0.3651109122434276 0.3416050669424739 0.04917306966324571
-0.1878557185341422 0.4633683513297182 0.04862552456085851
-0.3029286572898472 0.3977866621602216 0.9225115470827362
-0.3358512540362302 0.3704104954807458 0.8971095694335128
-0.22995741122013 0.443981518787591 0.9233752952727037
-0.3343203693244651 0.3717928060825724 0.9447678686928591
-0.489776571091211 -0.1005927950209953 0.9505041038832284
0.2146595106432927 -0.4515764547564257 0.9196481961475035
0.1774249813305575 -0.4674616305108381 0.892725510692596
0.1762967610359122 -0.4678882901379842 0.8470110036226559
0.1346134312711264 -0.481538393195614 0.8718575754097688
0.2901153096399222 -0.4072261130042277 0.9237233849230834
-0.4896954339708675 -0.1009870385152657 0.04849062640078781
0.4924749814231922 -0.08641986271816531 0.8983971468488762
0.4924991947123721 -0.08628176636848034 0.4497032210297149
-0.3044399595613135 0.3966312027845336 0.07696860890167684
-0.3346377756832593 0.3715071454033699 0.05439775118921669
0.4332841031728834 -0.2495293288126071 0.8976939408629834
0.4181195681799577 0.2741824697259213 0.1993216382547906
0.4925409317032364 -0.08604319029945244 0.1006795431711696
0.4932317542105734 -0.08199046675291294 0.04669653335869813
0.4836049991029284 -0.1269889949667161 0.07617508149488797
-0.4266452149470018 -0.2607179713077459 0.5987893042433058
-0.4025691051340013 -0.2965436149904587 0.6237245157746025
-0.3486611397077687 -0.3583788632964838 0.9565885587722339
-0.3295298958110384 -0.3760452735599347 0.9129096561232268
-0.2900226583375896 -0.4072921035949479 0.9147456006297219
-0.3461993382040337 -0.3607575615660593 0.8637067472073726
-0.3067886311890712 -0.3948173448230662 0.8704420207936886
-0.2674909958084174 -0.4224317307700988 0.8706635388214383
0.498125217508066 -0.04325815163113068 0.2250060615085834
0.2157550520451047 -0.4510540516579074 0.823265501063112
0.355774905752294 -0.3513178282366927 0.5739666629654664
0.3241115106229118 -0.3807252666710395 0.5489930916253906
0.3241017484376487 -0.3807335770058363 0.5988855636088685
0.2900419328235963 -0.4072783780216578 0.573987881986624
0.2900293932860163 -0.4072873077204165 0.6238465250929125
0.4833179877542669 -0.1280770186769129 0.1254250616740568
0.4703104847633152 -0.1697293372452018 0.09915783993354625
0.4539291774268045 -0.2096385028581932 0.1248808507686316
0.453432128504671 -0.2107114255082613 0.07656754078950469
0.434308029774892 -0.2477428813771477 0.1009990169829285
0.4311205074098564 -0.2532491028427701 0.04782921691687045
0.4341571879673946 -0.2480071292044736 0.1501768356585609
0.4114866447998032 -0.2840400344166304 0.126625165362148
0.2538011919728648 -0.4307957229977487 0.7984944227909803
0.3929038534355879 0.309235447443313 0.4240345666999629
0.1760369818917951 -0.4679860906121333 0.7980915638557434
0.4167274061497998 0.2762938091301718 0.9064767880051232
0.384780984314317 -0.319286069395621 0.5989496720352412
0.4181499259161244 0.274136169551447 0.3990571875724513
0.4981252567679242 0.04325769954458452 0.2250051355346396
0.4928094313023145 0.08449180090097098 0.2035987644071154
0.2900188298711159 -0.4072948297243518 0.7735308938899129
0.4111254496414104 -0.2845625847808319 0.1754422686295714
0.1878040272485335 0.4633893043103521 0.1747497787313572
0.147156038304402 0.4778546854332951 0.1497694747739698
0.1439561702237989 0.4788283837185267 0.09289487625940114
0.1042652989351164 0.4890079216515524 0.1257735295960182
0.1051652001102156 0.4888151804984971 0.1748941105005903
0.06270097672191749 0.4960530087784143 0.1498948656468817
0.06255719095109419 0.4960711620930089 0.1008418686369074
0.02088808061703519 0.4995634975537507 0.1271317325062436
0.02008359017328114 0.4995964865826737 0.1752435871690088
-0.02323727360691831 0.4994597372314581 0.1501865980447817
-0.02007852403826231 0.4995966902136612 0.09186355314800236
-0.06561442502833637 0.4956760506905703 0.1236575007346699
-0.06562338241274882 0.4956748648869641 0.08030496737476775
-0.06614812796423776 0.4956051101096788 0.1744714997741799
0.4110298522388742 -0.2847006508044708 0.225032905723259
0.2271979400364824 0.4453999282029342 0.1996200057824146
0.05017878916549341 -0.4974757171137954 0.6238348893849136
0.007065630307610597 -0.4999500743757882 0.6487508528905009
-0.03608944221205602 -0.49869585135714 0.6238029443268486
-0.03610349479680733 -0.4986948342057063 0.6736605249057521
-0.07897974637946953 -0.4937227963765038 0.6487243565321525
0.007055947736570764 -0.4999502111226065 0.6986117610704584
0.4981175220553956 -0.0433466748596991 0.6247918927639099
0.4925049788752271 -0.086248743661065 0.6496995271621293
0.4925153196347284 -0.08618967412109935 0.6999771565917805
0.3558412751046127 -0.3512506041730368 0.2748516255129739
0.4981265415299094 -0.04324290257893671 0.3249648277822326
0.4925163380093802 -0.08618385460067285 0.3000049543509909
0.49251807769144 -0.08617391221900442 0.2499751839661314
0.4981213736564392 -0.04330239146539294 0.5248274207934264
0.4924880147988571 -0.08634555738126141 0.499514462097937
0.4980906980155176 0.04365382629752456 0.3262283218423606
0.4925162639244048 0.08618427797426848 0.300004460967321
0.4928289948471037 0.08437761455500778 0.3534626563929122
0.264822600263332 0.4241096443017624 0.3242142196709307
0.3339878997923771 0.3720914978769027 0.6732475808064391
0.3340041043425381 0.3720769520977333 0.7231519272787574
0.3006065883336039 0.3995443392796739 0.6981873329502656
0.3006153934409084 0.3995377143979875 0.7480497231789232
0.3005981210815476 0.3995507096755595 0.6483006795882313
0.2649363444879209 0.4240385989145065 0.6731703569475113
0.4599231614983311 0.1961394542599221 0.09119851082992678
0.3557115810172692 -0.351381944798242 0.8733197301494926
0.2538173940652881 -0.4307861772038493 0.6488265185297777
0.4981251893941251 0.04325847536688016 0.5249962120216595
0.4928245153135472 0.08440377424006189 0.5034920699451548
0.4981254026997435 -0.04325601906345944 0.7750080544281851
0.4924931119376148 -0.08631647985178745 0.7996074953791308
0.4981270889459565 -0.04323659628401817 0.7250027949474452
0.4981250000000059 0.04326065620161242 0.775
0.4981253238974661 0.04325692652101577 0.7250064782296292
0.4926996494121799 0.08512963919291003 0.7074401368784849
0.4931604113965801 0.08241849689939693 0.7590394618530493
0.1880872091948139 0.4632744345820373 0.8725582417595058
0.1855956018210262 0.4642782275583156 0.9192054960198572
0.144197423034717 0.4787557865865925 0.8905586782556676
0.1052290773977615 0.4888014333755742 0.8718319547175007
0.1055246607817893 0.4887377067168936 0.8225359862397621
0.06299346261545168 0.4960159510214522 0.847517769146763
0.06210898722049275 0.4961274772741827 0.8985732519379701
0.02028725134971001 0.4995882579011177 0.8727181371809513
0.01815887220139412 0.4996701465570796 0.9224190440295388
-0.02521375654410292 0.4993638618091368 0.8960822971663764
-0.07198794169306119 0.4947905983856165 0.9170887911964564
-0.06768085128857852 0.4953981251164091 0.8700851063089801
0.0203849194390588 0.4995842822382056 0.8227490907423894
0.2892574524831412 -0.4078359059511109 0.1270405294303962
0.3003763693126186 0.3997174461523657 0.09975136875880089
-0.1105619373948348 0.4876228645167294 0.09174651098825734
0.2901182055033932 -0.4072240499227555 0.3247160169819206
0.2538826626587909 -0.4307477145630405 0.349650442115012
0.324102601437169 -0.3807328508832139 0.6488104726187056
0.1471806156361683 0.4778471161166074 0.1996432898059073
0.1760907312984317 -0.4679658687882948 0.1503756983850962
0.1778608036435083 -0.4672959817153207 0.1064658927211928
0.3647975182086924 0.3419397179456909 0.8476162656928505
0.3348070229250135 0.3713546248535077 0.8708381061626895
0.3837712651878451 -0.32049901094406 0.1059345432479469
0.1348549573682852 -0.4814708095754072 0.822760584439417
0.09279984976066243 -0.491312719033813 0.8479623672895844
0.09250443310346572 -0.4913684257827383 0.8973167741353866
0.04902991757572637 -0.4975902603372754 0.8732200356159059
0.05124395505355672 -0.4973671250399136 0.9217013555332042
0.005506772024658577 -0.4999696745422351 0.9029649429096103
-0.03506639926315687 -0.498768831867747 0.9292269772606353
-0.0440518882036839 -0.4980556506513004 0.8761591709409358
0.09084052421143109 -0.4916787560602882 0.9447826300288085
0.003692339219001642 -0.499986366445218 0.8487654155474097
0.04918674928138446 -0.497574782012845 0.8231785686599077
0.06301970589383396 0.4960126174494502 0.6980695901338475
0.176047517740484 -0.4679821273269033 0.3995022973407697
0.4538298498821194 -0.209853442564026 0.4243193003534008
-0.02327893554723226 0.4994577971758853 0.1997737039615521
0.05024433493709701 -0.4974691013587968 0.175152384166647
0.04935731209468302 -0.4975578918505746 0.1260715289412031
0.0628920303163 0.4960288222701314 0.199615683006759
-0.07897028942502461 -0.493724309091752 0.5988628434987384
-0.1212759656468716 -0.4850692117176876 0.6237778101460463
-0.1212855615795514 -0.4850668124622966 0.6736374858179625
-0.1626702240170348 -0.4727984752706461 0.6487003807937424
-0.1626630251706949 -0.4728009520319496 0.598838407134055
-0.2028495232449578 -0.457003359855585 0.6237533344205749
-0.2028533194930014 -0.457001674800728 0.6736017931863988
-0.2415167343651557 -0.4378009445188428 0.6486748382634423
-0.2415111829191781 -0.4378040069768426 0.5988140965958361
-0.2783830285874542 -0.4153346715535276 0.6237289963779554
-0.2783991085886915 -0.4153238932893483 0.6735713710170164
-0.3131744060373865 -0.3897714604779706 0.6486506757936047
-0.3131702744347217 -0.3897747801108752 0.5987879253759978
-0.3456299858379949 -0.3613030762249713 0.6237036997300718
-0.3456314245002763 -0.3613016999654303 0.6735123437603272
-0.3456267841398319 -0.361306139008401 0.5738388981907334
-0.2783737822102507 -0.4153408688992211 0.5738736751669176
-0.2028395615027548 -0.4570077814319688 0.5738953139570453
-0.1212641830099691 -0.4850721574352879 0.5739199547687344
-0.03607582212917786 -0.4986968368234392 0.5739447685286647
0.09293642343353649 -0.4912869031425348 0.5490571879068119
0.0929229163605754 -0.491289458074408 0.5989225628236797
0.09290912565459029 -0.4912920662600807 0.6487819594248414
0.1759806891605652 -0.4680072617412817 0.7484626996328775
-0.07890663610869265 -0.4937344861137516 0.2000493902739547
-0.1211962075948312 -0.4850891456883266 0.1751117521931828
-0.120290338378625 -0.4853145727183101 0.1269972379830173
-0.1625493736584709 -0.4728400375636975 0.1504481857043489
-0.1615512708954641 -0.4731819807136155 0.09299523846357285
-0.2027544741532088 -0.4570455373492403 0.1252369934279539
-0.2027678902301877 -0.45703958547548 0.1750848245322167
-0.2414292236273767 -0.4378492091790073 0.1501480947959089
-0.2409174874824473 -0.438130989802302 0.1006299145284755
-0.2782501688525401 -0.4154236915891208 0.1252693254823935
-0.27577770539158 -0.4170691276143019 0.07716108929113136
-0.3126461433753515 -0.3901953216435574 0.09959377006279924
-0.3129855386277696 -0.38992313679735 0.1499724843536256
-0.3452686481285602 -0.3616483936359686 0.1251005928980762
-0.3467151156996833 -0.3602618888327702 0.07644157812163527
-0.3764576535864662 -0.3290587106523276 0.1017710351252212
-0.4055460550177484 -0.2924592232423888 0.08289378571047448
-0.4011780099944269 -0.2984228615520458 0.1302725581902741
-0.4266686666245972 -0.260679590533644 0.1108014655694376
-0.4257007999659012 -0.2622571808519107 0.1544650421327955
-0.4291183151130272 -0.256627106196046 0.05991080432276592
-0.4474064089256154 -0.2232207545285272 0.08350940757421732
-0.345271613755358 -0.3616455623048219 0.1749629517723518
-0.3745801928478913 -0.3311943223034425 0.1998827412603165
-0.3131020053474619 -0.3898296220753343 0.1999692984283718
-0.2783035950489302 -0.4153879018253193 0.1750588501531097
-0.2414435154351547 -0.4378413283991293 0.2000005859950903
-0.1625881482016955 -0.4728267061665865 0.2000906783082791
0.4182630219580542 0.2739635823654601 0.6981692504071535
-0.3360581105697096 0.370222833331923 0.8476656759186323
-0.3663772697404589 0.3402465227118817 0.8715486446361684
-0.302928574112026 0.39778672550307 0.82289723882442
-0.3029560951492565 0.3977657657616033 0.7729893472782288
-0.366680053860705 0.3399201937230422 0.8225002719021345
0.1349079267361083 -0.4814559702649505 0.7732635192243853
-0.07887815881978273 -0.4937390363959499 0.10035081782101
0.007115237254046191 -0.4999493708355063 0.4493151938773064
0.007130813822805326 -0.499949148908391 0.3994532090127829
-0.2675143725454345 0.4224169273142619 0.7978793354707843
-0.2676495372524588 0.4223312979268108 0.2495689731164883
-0.1212353313987051 -0.4850793691970894 0.3246663645618311
-0.4948839771374643 0.07134317887931355 0.8497778702727918
-0.4869450143556342 0.1135101448954726 0.8727621568514681
-0.486958889585609 0.1134506053467792 0.8232199322741606
-0.475341087271582 0.1550833671012797 0.8478248433060334
-0.4751506679411514 0.1556658047069995 0.8968209395033208
-0.460108140316646 0.1957051333367562 0.8726252977195462
-0.4600328488220893 0.1958820512569559 0.9215365327114389
-0.4408313294132916 0.2359401174190392 0.8988612598592766
-0.4184161238656214 0.2737296974923782 0.91891272198386
-0.419190539513113 0.2725422748542054 0.8717397497809468
-0.476293807343605 0.1521322092330645 0.9505631901691444
-0.4412636970794316 0.2351304949167412 0.8478337211923684
-0.4992037909829704 0.02820594030041973 0.8230159808272191
-0.4753981311755774 0.1549084144737416 0.1998234331298247
-0.4754016353505915 0.1548976601049325 0.1499767218052421
-0.4869094012356607 0.1136628126888051 0.12469327993876
-0.4751716664792165 0.155601694641685 0.1010677067140272
-0.4602246288822136 0.195431038912013 0.1251780766012581
-0.4602146847584683 0.1954544548805774 0.07724305493284296
-0.4417108717084479 0.234289363426006 0.1001128638527699
-0.4416960904768335 0.2343172286825724 0.1499764284742233
-0.4204938662523973 0.2705270937339013 0.1242213426017382
-0.4763069301728689 0.152091118311681 0.04861364449872715
-0.4948178229450327 0.07180057169645829 0.1467407066731622
-0.4992198678183622 0.02791994941644772 0.1250870079204308
-0.4792111913385184 -0.1426766767762619 0.7233801737837717
-0.4897360228481542 -0.100790018974461 0.6984193804918137
-0.489734890769185 -0.1007955195596232 0.6485420876096951
-0.4965765249560261 -0.05841022909214821 0.1749027778870662
-0.4997681241135739 -0.01522570589494669 0.1998720860924967
-0.4996917070944261 -0.01755556495981516 0.1471652527061179
-0.4869801371592615 0.1133593666723085 0.3244496716725793
-0.4650969804656413 -0.1835341896261916 0.2000372976185954
-0.4949279465204908 0.07103750947921954 0.6983112338195477
-0.4897422416976347 -0.1007597970272647 0.7980090903961892
-0.2675772232755047 0.4223771177326853 0.5486484482007212
-0.2675660536573637 0.422384193513707 0.5984951446726
-0.3948559265186078 0.3067389725697271 0.1997742941374075
-0.4897206493197407 -0.100864689707804 0.299585046467947
-0.3669412498000565 0.3396382181015154 0.1249916204467711
-0.3958341876954247 0.3054755241447394 0.146752276088801
-0.3668553047371441 0.3397310486049474 0.5736092294145875
-0.3668359297488275 0.3397519693030686 0.6733019106560724
-0.3947783503041758 0.3068388080590743 0.6483912386678723
-0.3362298836800824 0.3700668389905779 0.3492844824978185
-0.3668924993342453 0.3396908799662876 0.3742195491730057
-0.3668837650928191 0.3397003133812466 0.4240670252484869
-0.3948220112431269 0.3067826257106686 0.3991560336287386
-0.3948141602310034 0.306792729511453 0.4490032424224744
-0.4198109142921809 0.2715857069898251 0.4240919810928449
-0.4198165993536811 0.2715769189513549 0.3742455775803182
-0.4416754062293454 0.2343562150491058 0.3991813836590748
-0.4416688313880506 0.2343686057907794 0.4490280518908985
-0.4602422461719405 0.1953895463902993 0.4241167761744397
-0.4602464015546421 0.1953797580508359 0.3742698146756139
-0.3362100338555786 0.3700848728803038 0.4489793246873766
-0.494944008611865 0.07092551261159918 0.299538916558698
-0.3947872880700951 0.3068273083971825 0.5985438353546554
-0.419777263283888 0.2716377168765217 0.6234788768580699
-0.4197854875632017 0.2716250070065808 0.5736334934249346
-0.3030862279873393 0.3976666171611675 0.2246587632345171
-0.1088062722625828 0.4880176176290367 0.1497482070027046
-0.1087994948502528 0.4880191286418288 0.1995980652796932
-0.3947682354550677 0.3068518213660988 0.6982330721744873
-0.2301790639641343 0.4438666449651235 0.4240226725965505
-0.2301910789986391 0.4438604140373889 0.3741755841515519
-0.1910414182007842 0.4620640394272563 0.3990868643490098
-0.150477212032012 0.4768192620470286 0.3741514988053464
-0.1503697079244984 0.4768531754520474 0.8227070705104244
-0.4966096058180779 -0.05812830127582701 0.7232899982170953
-0.1504256144869735 0.4768355424108153 0.5735357063817181
-0.1087299323403406 0.488034631776542 0.5984464508172379
0.1350081908013836 -0.4814278641879147 0.274884563493241
-0.4197678449519002 0.2716522710091662 0.6733199257224708
-0.4416397974409289 0.2344233122288295 0.6484151541682185
-0.4416319734738957 0.2344380515307877 0.6982501847732318
-0.4601394906015076 0.1956314115600691 0.8228535651533568
-0.4266399792960893 -0.2607265388606086 0.6982090114932874
-0.4965965163337419 -0.05824002030555674 0.3244970817301411
-0.496597996234332 -0.05822740021713491 0.3743457478622568
-0.2675539487656035 0.422391861308824 0.6483413512280194
-0.4468733235236226 -0.2242860511109679 0.1792404884943557
-0.4475496034165319 -0.2229335158330955 0.3245959690424999
-0.441646776251796 0.2344101640850839 0.5985678227742146
-0.4602168598298818 0.1954493334046524 0.6235031724747738
-0.4602109515109989 0.1954632449064042 0.6733479751888128
-0.4753581203816143 0.1550311497321061 0.6484395257327261
-0.4753537365568039 0.1550445908165926 0.6982867890874984
-0.4602230264968246 0.1954348123597817 0.5736570985174154
-0.4869573013405926 0.1134574222829308 0.6733764395099934
-0.4753856107211789 0.1549468332017526 0.3493591738740833
-0.4753822040619045 0.1549572846343333 0.3992059165111643
-0.4753780525838301 0.1549700200735784 0.4490523794977975
-0.4025349691879703 -0.2965899502357419 0.6733793536855148
-0.3754855691199818 -0.3301675141237299 0.6982711516485272
-0.4753629088246277 0.1550164665891617 0.5985934958407025
-0.4869642691372494 0.113427512463355 0.5736828949615878
-0.4869607550256383 0.1134425981052101 0.6235285671885938
-0.1909622102622958 0.4620967801789347 0.6981638782710889
-0.1504010638374098 0.4768432866221096 0.6732232411321742
-0.1087142338102941 0.488038129009446 0.6981119615105446
-0.06622512065943767 0.4955948278519893 0.6731590168535219
-0.1909767290116723 0.4620907800162239 0.6483148882772362
0.4109285960614751 -0.2848467815141063 0.4742229607885842
0.215712920271812 -0.4510742023523479 0.6238917481803608
-0.2676627267102888 0.4223229389105134 0.1997190169229421
-0.2301297489371729 0.4438922151312341 0.6234051325539385
-0.4602508161236962 0.1953693585429188 0.3244246644119004
-0.1088919447428237 0.4879985085736696 0.847194840280777
-0.4869747149053157 0.1133826575931545 0.4241415361425933
-0.4949322372451405 0.07100760899734601 0.5986165241056498
-0.4949388249162639 0.07096167691442949 0.4490772143558471
-0.4198228745630528 0.2715672181866125 0.3243985776538537
-0.3669020181089205 0.3396805986623336 0.3243751369284238
-0.4992129283177107 0.02804375510619473 0.5737050659624043
0.453873147952833 -0.2097597806238978 0.3247306423293602
-0.4992153506614342 0.02800060113607063 0.4241667530270106
-0.499770184748145 -0.01515791663801498 0.4491002038729721
0.2157474305283229 -0.4510576972189106 0.524166858610294
0.253863631286469 -0.4307589310856453 0.4992330812988148
-0.4416806012682237 0.2343464240464112 0.3493355760798511
-0.1626361935834062 -0.4728101823530251 0.3495774945766397
-0.1626486230590641 -0.4728059067069599 0.3994257059847111
-0.2028249463197624 -0.4570142679943215 0.3744772249714455
-0.4997715381004246 -0.0151132294608333 0.5986438313082387
-0.2302915217453785 0.4438083088589012 0.174785132257946
-0.4966039667889673 -0.05817645717523774 0.5737332476492207
0.4109868082364256 -0.2847627845341373 0.3746055035789789
0.007105482093659343 -0.4999495095749337 0.2997695598469431
-0.4897340935911567 -0.1007993927285685 0.5986842743098852
-0.4792093334364131 -0.1426829168030589 0.5737895130636097
-0.06622893632698761 0.4955943179587472 0.5735141746141191
-0.02322186303476316 0.4994604539672733 0.5984392615627986
0.01995447099407545 0.49960166041292 0.5735032845420387
-0.1910285377022372 0.4620693646881872 0.4489319392376042
0.1350108655250445 -0.4814271140995056 0.4244188098258495
-0.4965993830342149 -0.05821557154264732 0.4241939771097383
0.453913948111674 -0.2096714756700886 0.1749562386666372
-0.02320499404011625 0.4994612379870916 0.6980449226667941
-0.4897278700727967 -0.1008296249817579 0.4491299366116461
-0.4602545755495107 0.1953605018567974 0.1749251735441814
-0.4475428198770848 -0.222947133591054 0.5738454365474723
-0.4651115260913476 -0.1834973250403875 0.5987432828854018
-0.3948298944559888 0.3067724799323968 0.349309615606005
-0.479203648345458 -0.1427020091393343 0.4242176763248609
-0.1504943102939538 0.4768138657475757 0.3243073652013089
-0.4651096465515208 -0.1835020890472896 0.4491552812024389
-0.1911360532355022 0.4620249010102759 0.1997549591091121
-0.0789823973985465 -0.4937223722915319 0.69859011057841
-0.4475462368513551 -0.2229402742444504 0.4242422594569984
-0.4266445135146008 -0.2607191191452778 0.3993304285853488
-0.426660240534729 -0.2606933814787925 0.3495680449682281
-0.402563514324011 -0.296551204575368 0.3744301549112362
-0.4025720303842972 -0.2965396438121966 0.3247107265521288
-0.4025684927497979 -0.2965444463232381 0.4242665525315161
-0.3754855062378247 -0.3301675856369375 0.3993520629594605
-0.375487660397488 -0.3301651357869585 0.4492004825558887
-0.3456040694008239 -0.3613278666441193 0.4242832646613692
-0.3456016216925684 -0.3613302078203078 0.3744321123551579
-0.3131439966270493 -0.3897958919440256 0.399370909995426
-0.313145315933952 -0.3897948320701872 0.4492206718800103
-0.2783497318789321 -0.4153569871362785 0.4243042075338272
-0.2783502202972051 -0.4153566598244181 0.374456482573049
-0.2414925379819939 -0.437814291793924 0.4492372248530148
-0.3754788218344194 -0.3301751873685186 0.3495085987934857
-0.4266485339111548 -0.2607125399965682 0.4491772913416551
-0.1504661179430177 0.4768227630379635 0.4239970430241548
-0.1087825990356395 0.4880228951053949 0.3990625272171335
0.01997426166899445 0.499600869565675 0.6731619487093264
0.4182652525951103 0.2739601767986519 0.7480712882559094
0.1880479974486895 0.4632903524308893 0.7229632465300139
-0.4416945265029343 0.234320176803767 0.1998103673895247
-0.1626711704884766 -0.4727981496282626 0.6985559747847729
-0.4025893564465572 -0.2965161211063354 0.5738023351960633
0.2538651521685161 -0.4307580347648273 0.2499840506867294
-0.241530359428068 -0.4377934278567328 0.6984788266430866
-0.1507536430231615 0.4767319363282108 0.1752438603593787
0.3847470853112897 -0.3193269176634929 0.7486368477853065
-0.3131904230721717 -0.3897585905350569 0.6984153538019144
-0.2028095511028458 -0.4570211001490655 0.3246362153552851
0.333790547687535 0.3722685459106845 0.2244224688895161
0.2649231298431708 0.4240468550456405 0.7728442230974581
-0.4200171075244049 0.2712667126405902 0.1741611971469489
-0.1504140822737568 0.4768391802838181 0.6233813497727808
-0.1087941297409776 0.488020324713944 0.3492171142991309
-0.06628156643028991 0.4955872818702545 0.3741272213500359
-0.3455957090875781 -0.3613358629589016 0.3245866725992196
0.4402423986030827 0.2370371921707741 0.2742277684401496
0.4402336880520205 0.2370533693161022 0.2243077071380508
0.3928813438231512 0.309264045235968 0.2242626101312223
-0.1087688066131798 0.4880259692966602 0.4489056255499272
0.3005377716150145 0.3995961058777742 0.4986445010188442
0.3647238113627456 0.3420183349252382 0.3491388182116503
-0.06629451595506916 0.4955855497835697 0.3242808000958954
-0.1626479218194981 -0.4728061479378186 0.4492690067101742
0.3339279450307563 0.3721453043201489 0.5235689714834055
0.4339663865941363 -0.2483408450223777 0.6987881222014347
0.3647322737546621 0.3420093105191059 0.3990318210773487
0.4538186152643435 -0.2098777368840102 0.5740098153903953
-0.2414812257368612 -0.4378205312872194 0.3495429089525796
0.4591757012039813 0.1978829841695139 0.5983060082942475
-0.2783487949020476 -0.4153576150458516 0.3246077716008211
0.2272211352411034 0.445388095597249 0.3491540640738579
0.2272220741658223 0.4453876165900681 0.3990026615423435
0.1879320811774318 0.4633373855672767 0.3740668959620361
0.3930031538370993 0.3091092380924473 0.5734385043162382
0.4744993432070476 0.1576400117231677 0.3740392408206734
-0.1087218682133145 0.4880364283249834 0.6482961433301156
-0.2414905689369531 -0.4378153778871943 0.3993888070550766
-0.3131406087512534 -0.389798613582571 0.3495225167710421
-0.1212492380045811 -0.4850758933232082 0.4243662547206115
-0.07894411365676865 -0.4937284951458111 0.4493037915962159
-0.3755193031943179 -0.3301291458330421 0.598744732841725
-0.03605299402285159 -0.4986984876876892 0.4243829120326613
0.007104579902760752 -0.4999495223964168 0.3496105255415508
-0.06627268546124672 0.4955884695609399 0.4239707700517248
-0.02327829558684275 0.4994578270030129 0.3990399485608637
-0.02328895921580012 0.4994573298877941 0.3491908037486694
0.01988735694956585 0.4996043364839426 0.3740989312175096
0.01987695267620141 0.4996047505301646 0.3242532987319862
0.3646621094177154 0.3420841211676189 0.1994606430279533
0.4108689473621979 -0.2849328132972394 0.7736071957185975
0.1879307006470796 0.4633379455152554 0.3242129770281359
-0.06622580968224609 0.4955947357790748 0.6233511001191386
0.4591617506451813 0.1979153524728498 0.7979570067493358
0.2273192347190502 0.4453380351224734 0.6980530952378434
-0.02326317495672327 0.4994585315027994 0.4488778742944945
0.05021207109920563 -0.4974723589466337 0.3246934922277114
0.09296687006339964 -0.4912811425961869 0.2997915506990408
-0.02321608989373595 0.4994607223496618 0.6482433798906075
0.4702498924335792 -0.1698971414303583 0.5490755906518793
0.3007927247993185 0.3994042272032201 0.847312629235173
0.3038164704335329 0.3971089929645389 0.8894628926471849
0.3006595589931736 0.3995044800575212 0.7977722701445177
0.3647318328556166 0.3420097807107022 0.4489713445691373
0.4403581887397374 0.236822012511206 0.7231085619133878
-0.2028290273251604 -0.4570124568043297 0.4243313518326791
0.06291241415947646 0.4960262373550682 0.3491619400143433
0.06292762889516826 0.496024307389902 0.3990001695653159
0.1054804585360254 0.4887472484495742 0.3740530887410233
0.01990285755040137 0.4996037192228741 0.4239405935365616
0.3928809291417154 0.3092645720362137 0.1244513192879201
0.3928858096691599 0.309258371852095 0.1743640301087576
0.1055038570394791 0.4887421980449336 0.4238928749790751
0.1472982808102109 0.4778108584684491 0.4488130032704605
0.06295044428932005 0.4960214124045223 0.4488485850483439
0.1054618922259392 0.4887512550246029 0.3242177032444302
0.4339493033669077 -0.2483706949448255 0.7486952373950406
0.01994416478656332 0.4996020719442288 0.6233279438181346
-0.4792909876316375 -0.1424083887103899 0.8229282044207409
0.4591394855221772 0.1979669993570404 0.7480585799466208
-0.489742689617231 -0.1007576198928922 0.7482207840892455
0.1760299931596792 -0.4679887194240939 0.3496620067389225
0.147258496840916 0.4778231211527482 0.3989761223690362
0.4338329111953991 -0.2485739430506041 0.8481621838966746
0.4339180200828737 -0.2484253446155582 0.7985322603287064
0.2273181984476262 0.4453385640774057 0.6482148863000576
0.1472479444864942 0.4778263731152795 0.3491353054697892
0.2157497488237814 -0.4510565883372897 0.3247373215714121
0.0629883359622285 0.4960166020736699 0.5983892915000286
-0.375497081399813 -0.3301544212337951 0.6485984083933378
0.2538661984861476 -0.4307574181209093 0.2998133434690542
-0.1354278483916678 0.4813099810724929 0.9578998085031384
-0.413119387157983 0.2816600290318322 0.04316332849493322
-0.3972635530117472 0.3036143432851662 0.09158810233475345
0.06215920372453948 0.4961211882114401 0.9516182823337563
0.06245991383042972 0.4960834195619677 0.05291903551526454
-0.1826509613047239 -0.4654445470026051 0.9568507200126815
-0.2054647807898051 -0.4558335484088434 0.9137402428889804
-0.1592179208095754 -0.4739722077222205 0.9136875661152029
-0.1826361591773413 -0.4654503554203701 0.8719373066766685
-0.1378733391065034 -0.4806151707589172 0.8719524929266961
-0.1347571957413476 -0.4814981808853779 0.9564936130964971
-0.1139465114311186 -0.4868430882046884 0.9131728759031194
-0.1826705121831999 -0.4654368743221012 0.04316332849492142
-0.497493008213454 0.05000706728781621 0.0417015382922685
-0.4946208763077222 0.0731449842475953 0.09167416455868158
-0.499999962314339 -0.0001941279463516848 0.04151823789422644
-0.499522006344167 -0.02185784019289088 0.0915617654246387
-0.1364228766145191 -0.481028895947239 0.04499833165890169
0.1055514064811281 0.4887319312157286 0.5734543520124283
0.1114715597128563 -0.4874157274598175 0.04299939992868069
0.1608406313773521 0.4734240079443952 0.04479091636284822
0.2906760960152884 0.4068260158904674 0.9633687454869397
0.3665287844545668 -0.3400832988640543 0.9568342593335042
0.2507077992453439 -0.4326032817692861 0.04820140536967699
0.250000000000001 0.4330127018922187 0.04316332849492113
0.3659912508840411 0.3406617153076272 0.9469010269888104
0.1473267525036988 0.4778020803603872 0.5983518637575236
0.4832131806203853 -0.1284718726987777 0.2748445174782739
0.4849340221328017 0.1218154102653003 0.05139592347862167
0.3985712366209519 -0.3018956265639586 0.9568367489971111
0.4741354090274686 0.1587312631662553 0.7728321718816161
0.4850221155068381 0.1214641818367513 0.946365976034744
0.2900974842871767 -0.4072388115224914 0.2748847597128045
0.1880223391302693 0.4633007662285721 0.5734124362181486
0.2273268796466107 0.445334132747688 0.5983636038265234
0.1350149628793014 -0.4814259650233885 0.3247222339065228
0.2900689309330745 -0.4072591500596927 0.5241356585360168
0.3241564492226979 -0.3806870058556406 0.2499537920267108
0.2538152130495461 -0.4307874622416645 0.5989589973809677
0.2272704256535429 0.4453629459477488 0.4488430046122971
0.355819157822112 -0.3512730091065394 0.225025665384426
0.2538317629734481 -0.430777710781084 0.5490935315803452
0.3848503389179409 -0.3192024696564016 0.2001393570977545
0.3558099749095259 -0.3512823106205073 0.4243953924057152
0.3241556165503608 -0.3806877148777663 0.4991795724003095
0.3241594323212046 -0.3806844657156296 0.4493333302324167
0.2649353339660721 0.4240392302798007 0.7230284612019759
0.2648401884931691 0.424098661350048 0.4239122864129633
0.1879614954045061 0.4633254539147421 0.4238976967210453
0.3004923262503668 0.399630281466061 0.448835564249937
0.384787136159776 -0.3192786554813178 0.4493185694998834
0.3651866005962566 0.3415241525060125 0.8948019731291231
-0.2036166528814948 -0.4566620836782236 0.8255322130587385
0.4109391276157759 -0.2848315877749255 0.4243863947457219
0.4591198844645783 0.1980124533690552 0.4989199551637959
0.4925017994578615 -0.0862668970739548 0.3497383758727563
-0.120026351509761 -0.4853799284511621 0.8295527778338293
-0.07765227991290176 -0.4939333188035895 0.8399972232554902
0.4981213117915689 -0.04330310311105442 0.4248463156994778
0.4340083817340583 -0.248267445680226 0.3994474803232682
0.4981498234416645 -0.04297386886281603 0.8737422227724251
0.4831666323993427 -0.1286468240411651 0.5242845949101067
0.3338755400820723 0.3721923208972809 0.4737965625970436
-0.28200334622611 -0.4128851083743234 0.8245822377735853
0.4538297053759885 -0.2098537550732497 0.3744901626892796
0.3647566415178771 0.3419833219158486 0.4987480024670504
0.4924818115098186 -0.08638093153009836 0.5995648318575175
0.4831246666225559 -0.1288043341694843 0.8238693456116528
0.3929351937144388 0.309195623417597 0.5237013978187552
0.4831446436544229 -0.1287293801276178 0.7240196118332463
0.4831749033185875 -0.1286157564339363 0.6742637529063126
0.4925202690588032 -0.08616138674745262 0.7496932347000831
0.4702675231474668 -0.1698483343243223 0.3495458280916196
0.4181875463599162 0.2740787771234267 0.5485651039252655
0.4402880428583095 0.2369523988399346 0.5237028313104108
0.483201072250593 -0.128517406509302 0.3247323841137615
0.4591253087050866 0.1979998760263727 0.5485784991104463
0.474076850979013 0.1589060708903934 0.5234872202538233
0.4924995957727895 -0.08627947707096363 0.3996840871046856
-0.3945219696092626 0.307168382968736 0.847172591168796
0.4931954948688845 -0.08220829545146986 0.9528074242039997
-0.4195757034757208 0.2719489456733635 0.8224961970498
0.4924856290511067 -0.08635916383416251 0.5495205487193033
0.4924719830068983 -0.08643694784785746 0.8490286302203147
-0.3951109018913541 0.3064104685003447 0.8918740789517738
-0.2710974783363024 -0.4201263586585565 0.9577158257678819
0.3316315933383703 -0.3741931136456867 0.03562156744168747
-0.2488095205281364 -0.4336978470024481 0.9138996052587343
-0.226045708657564 -0.4459858042555836 0.8727333051659518
-0.4650605834901289 -0.1836263970234696 0.8466397111837318
0.1598697179423729 0.4737527554379248 0.9636263312246068
-0.4476840060278509 -0.2226634921734033 0.8205682524065309
-0.3455685720280037 -0.3613618159497851 0.8157277480457458
-0.374286104891384 -0.3315266379723293 0.1509709151715097
-0.02362504728336999 0.4994415452691722 0.8464203445152626
0.4940522646692814 0.0768918706701452 0.04177274031248698
0.4943856508783975 0.07471832576780132 0.9572090567085066
-0.06709369298067837 0.4954779877675843 0.8213876742726691
-0.4999999998114866 1.373001807925093e-05 0.9614286809342236
0.4266159012272918 0.2607659349302083 0.956278892146857
-0.03757610965234034 0.4985860366911565 0.04340752122719399
0.1371013998714133 -0.4808359451552045 0.9238537001615221
-0.08682408883346307 0.4924038765061044 0.9609364930636156
-0.3678483060298057 0.3386556123128663 0.9232385543272628
-0.03831210536740312 -0.4985300217462505 0.8228067074129036
-0.1100265842774243 0.4877439397391246 0.891807258377484
0.4258318538214143 0.2620443326443402 0.04238259209657683
0.4514202691566639 0.2149877684765464 0.9564012945832417
-0.3644068027438869 0.342356075035887 0.0762025727354273
-0.497473286347937 0.05020288209040909 0.9551276366247279
-0.4650632122670845 -0.1836197391236048 0.1020306162948762
0.4124106271463811 -0.2826967891871583 0.9184084282577887
-0.4263297012447184 -0.2612335848174754 0.8415627102010547
-0.4281253783187504 -0.258280197536371 0.204965547642965
0.1422127821007471 -0.4793490634257727 0.07996503988619186
-0.499378460609461 0.02492294283035207 0.08038076075035858
-0.2054542902079361 -0.4558382768429536 0.08052939934740141
-0.4018075916262801 -0.2975746281380329 0.1776074375147173
0.205200174607053 0.4559527259938633 0.9626250140620819
0.2678929780414365 0.4221769206340991 0.9185543734436172
0.4084359711860364 -0.2884095307740701 0.08370397687967109
0.4516076492834043 0.2145938748164022 0.04264350120869542
-0.149411835444316 0.4771541715516701 0.9159340384633716
-0.08997933772874711 0.4918370856105668 0.04321311093566438
-0.4859995764342642 0.1174921772107222 0.9149753544229821
0.1850605953532732 0.4644917394825144 0.08113289783546695
0.3531763071330254 -0.3539300723022542 0.9164141558480067
-0.376996623076837 -0.3284410848061814 0.8755466177440774
0.4756214375437199 0.1542214257126596 0.9153978418734274
-0.4424740973637651 -0.2328447404648026 0.9603505094808191
-0.409134725836614 -0.2874174248625136 0.03926228625778625
0.2678670936203396 0.4221933445181156 0.08248898478232772
-0.1547650059708705 0.475444836891554 0.08416736699414236
-0.1172529528090131 -0.4860573474987981 0.0837572003566758
-0.4859833474576598 0.117559287144179 0.0828884177352055
0.2052846647301578 -0.4559146920495398 0.9634810794639453
0.3665259359149121 -0.3400863688854608 0.03519737754140266
0.3899334878035722 0.3129726427171254 0.9134880881471712
0.01246534586903818 0.4998445910004081 0.9648727466789501
-0.4962729489486481 -0.06093570498330612 0.9156858390742217
-0.41276713879878 0.2821759896374401 0.9628231825101632
-0.4778825495170495 -0.1470655257600662 0.9644474808065847
0.1015563080980935 0.4895776917767855 0.915189147491059
0.04485389569912109 -0.497984064042829 0.08395873950095768
-0.4607381059352025 0.1942173981373504 0.965298541584775
0.475733832739386 0.1538743655944482 0.08274148852045182
0.4504844339512093 -0.2169418695587796 0.9654285284264247
0.3372941235134587 0.3690971067934395 0.915165347797538
0.2052947811297977 -0.4559101368042484 0.03595390306289931
-0.3999889209198632 -0.3000147715386084 0.8155460454689173
-0.4227609252468428 0.2669704105035489 0.08288897672481492
-0.2712731319328822 -0.4200129615753841 0.03401865193743749
0.4842969611682698 -0.1243239856310094 0.9653864465442235
-0.07331992327960191 -0.4945949745501599 0.9121522504665368
0.3892985865022668 0.313762028530122 0.08412595740395523
-0.3491184090430388 -0.3579334246298568 0.03370262928150219
-0.4777864028930715 -0.1473775872054484 0.03366272348530343
0.0256998634717041 0.4993390802025571 0.08558562588871663
-0.03734433213547698 -0.4986034505068684 0.0346119904599178
-0.460629096510311 0.1944757965611521 0.03489526106407244
-0.4462875420749908 -0.2254493951836272 0.1311276329322309
-0.2281053286765791 0.4449359044057355 0.03344266686490975
0.4844612210801872 -0.1236823563387033 0.03366990384486264
0.09933199114590797 0.4900338310106653 0.08534939921280628
0.3310309119462925 0.3747246126637613 0.03437783850874582
0.2860483187436508 -0.4100931105784768 0.08409145933546509
-0.3064881968073668 0.3950506109573415 0.9630645992145458
0.4989245280026914 0.03277675025519718 0.125
0.4841701626941317 0.1248168800953542 0.1977900726321006
0.4942322989424807 0.07572605022071598 0.2500006277088102
0.4831446353803336 0.1287294111817671 0.3001609983959059
0.4848580972689597 0.1221172613217479 0.3399592031993008
0.4983820376265504 0.04019134945741108 0.881037124261983
0.498933301244339 0.03264293046626941 0.425
0.4945038372742537 0.0739320966903985 0.79962805670024
0.4516670616563708 -0.2144687982311184 0.03445995664148934
0.4842046987860479 0.124682836322858 0.4973460590859301
0.4844072177699022 0.1238936938363796 0.7453439175104026
0.4943485971146975 0.07496308778812759 0.5492085246271701
0.498383086532632 0.04017834066020011 0.6310992074643645
0.4843903124905217 0.123959772367227 0.6956750731382317
-0.4956988413964923 -0.06544202501585053 0.08207054217475704
0.05550095626921046 -0.4969100963486284 0.9634745891013687
-0.1592428695080435 -0.4739638261627613 0.8386093372744926
-0.3080333862200871 0.3938469664397413 0.0348609039337448
-0.2460424996900745 -0.4352735787367063 0.8372207413072088
0.4929546494983396 0.08364038222036743 0.08037156852743119
-0.2283913894886248 0.4447891334188092 0.9671746683828872
0.2915892262705885 -0.4061720363625733 0.9673108415428407
0.4935812501699027 0.07985956098499371 0.9115110506661033
-0.03704054902664804 -0.4986261101544969 0.968821644667052
0.4986613263443693 -0.03656339164347953 0.03662934685760535
0.4986613263443697 0.03656339164347364 0.0366293468575953
0.4986613263443693 -0.03656339164347953 0.9633706531423947
0.4986613263443697 0.03656339164347348 0.9633706531424046
0.4935655260583611 0.07995668506593596 0.6615792047140991
-0.4064064657053814 -0.2912623982474577 0.9635903536960216
-0.4446412736582149 -0.2286791152676616 0.03634897416464142
0.4928573073753124 0.08421208088366454 0.4649185185244949
0.4928187610762473 0.08443736572911698 0.1652015941469074
-0.3730631224775276 -0.3329022478856477 0.8367782070235014
-0.1093790790968327 0.4878895541574229 0.9297557722385524
0.4936351100605497 0.07952595875252899 0.3874706389765379
0.4932440822881956 0.08191626998146166 0.5849983740665817
-0.09921561196234716 -0.4900574071911749 0.8769729956670093
0.4932286888420766 0.0820089050233324 0.8348686170015917
0.124777809928635 -0.4841802331254483 0.9648553005163953
-0.3583243549654488 0.3487171585090058 0.9655788904748609
-0.3187987508817403 -0.3851848341202468 0.8323117877968094
0.2252903081009832 0.4463678719125785 0.9337595589563026
0.3809204369884524 -0.3238821092381091 0.06659259406083273
0.3104574646802222 0.3919389781896266 0.9299632373292446
-0.3587002982660839 0.3483304408515317 0.03498414254364279
0.1351113542312963 0.4813989218494212 0.9308898968595061
0.1841029742066333 -0.4648721274590161 0.9328052106144227
0.3131882095647289 -0.3897603691880941 0.0693535426405478
-0.3985444889711798 0.30193093632601 0.9316304568955879
0.1815639472059146 -0.4658696524512064 0.06865813900037207
-0.499426045198074 -0.02395047761134013 0.9296231375358821
2 2 0 348
1554
1555
1556
1557
1558
1559
1560
1561
1562
1563
1564
1565
1566
1567
1568
1569
1570
1571
1572
1573
1574
1575
1576
1577
1578
1579
1580
1581
1582
1583
1584
1585
1586
1587
1588
1589
1590
1591
1592
1593
1594
1595
1596
1597
1598
1599
1600
1601
1602
1603
1604
1605
1606
1607
1608
1609
1610
1611
1612
1613
1614
1615
1616
1617
1618
1619
1620
1621
1622
1623
1624
1625
1626
1627
1628
1629
1630
1631
1632
1633
1634
1635
1636
1637
1638
1639
1640
1641
1642
1643
1644
1645
1646
1647
1648
1649
1650
1651
1652
1653
1654
1655
1656
1657
1658
1659
1660
1661
1662
1663
1664
1665
1666
1667
1668
1669
1670
1671
1672
1673
1674
1675
1676
1677
1678
1679
1680
1681
1682
1683
1684
1685
1686
1687
1688
1689
1690
1691
1692
1693
1694
1695
1696
1697
1698
1699
1700
1701
1702
1703
1704
1705
1706
1707
1708
1709
1710
1711
1712
1713
1714
1715
1716
1717
1718
1719
1720
1721
1722
1723
1724
1725
1726
1727
1728
1729
1730
1731
1732
1733
1734
1735
1736
1737
1738
1739
1740
1741
1742
1743
1744
1745
1746
1747
1748
1749
1750
1751
1752
1753
1754
1755
1756
1757
1758
1759
1760
1761
1762
1763
1764
1765
1766
1767
1768
1769
1770
1771
1772
1773
1774
1775
1776
1777
1778
1779
1780
1781
1782
1783
1784
1785
1786
1787
1788
1789
1790
1791
1792
1793
1794
1795
1796
1797
1798
1799
1800
1801
1802
1803
1804
1805
1806
1807
1808
1809
1810
1811
1812
1813
1814
1815
1816
1817
1818
1819
1820
1821
1822
1823
1824
1825
1826
1827
1828
1829
1830
1831
1832
1833
1834
1835
1836
1837
1838
1839
1840
1841
1842
1843
1844
1845
1846
1847
1848
1849
1850
1851
1852
1853
1854
1855
1856
1857
1858
1859
1860
1861
1862
1863
1864
1865
1866
1867
1868
1869
1870
1871
1872
1873
1874
1875
1876
1877
1878
1879
1880
1881
1882
1883
1884
1885
1886
1887
1888
1889
1890
1891
1892
1893
1894
1895
1896
1897
1898
1899
1900
1901
-0.250640218558289 0.3840356645913077 1
0.2663100844359815 -0.3704147713176477 1
-0.3769389343613734 -0.2569926139894242 1
0.3638780459529909 0.2821503745325306 1
-0.07813594386189139 -0.4539240998700568 1
0.4509791832322617 -0.06957361607568047 1
-0.4471651350008687 0.09039638224099422 1
0.06385247938759464 0.4580804874211442 1
0.09999246320487987 -0.4451542801438025 1
0.2241363574464088 0.3991428812463879 1
0.4485469455714546 0.1063305019952999 1
-0.3769389343613703 0.2569926139894294 1
-0.4497139144033007 -0.09341840764097142 1
-0.2482434791942013 -0.3862789378897558 1
0.389280394022865 -0.2378842969008419 1
-0.121920506959863 0.436838971996216 1
-0.3191741587880716 0.3261364869371136 1
-0.4189836220283847 -0.1764876566246673 1
0.01867042975325126 -0.4639743330479574 1
0.3009356993032172 0.3397726374817015 1
0.4369343934930197 -0.1523085920260258 1
-0.03304708073577182 0.4550725486173722 1
0.4111479383005239 0.1974625773742963 1
0.455311747790342 0.0225188124108124 1
-0.4203872683527002 0.1772080937473232 1
-0.1666724688842732 -0.4246745247817744 1
0.3345051338496738 -0.3179408154002779 1
0.1452970040695293 0.4324545577179461 1
-0.3218541374571731 -0.3299986922754763 1
-0.4562106573531632 3.271154812714368e-15 1
0.1852667201784438 -0.4113450874441544 1
0.4132092922168182 -0.1943419118406061 1
0.3649203832792383 -0.1931248876277354 1
0.3397554830757201 -0.234765432266033 1
0.3165779227834982 -0.1916071988442534 1
0.2900185086798606 -0.2332038032926122 1
0.2670186508684619 -0.1895189364132218 1
0.2939379490746252 -0.1476861630739945 1
0.244166068069849 -0.1453897666992645 1
0.2172467373215314 -0.1873470336186708 1
0.1943814719003847 -0.1430835460118992 1
0.2213057205202261 -0.1011392465878896 1
0.1715158483852286 -0.09880373902629819 1
0.1445922122795284 -0.1407538849719354 1
0.1217254408556698 -0.0964647619838291 1
0.1486492803398152 -0.05451607471204058 1
0.09885852924345241 -0.05217449184815479 1
0.07193474670069 -0.09412362550666825 1
0.04906773643675511 -0.04983258989816389 1
0.0759915354951389 -0.007883583405113678 1
0.0262007140659382 -0.005541460304697017 1
-0.0007230801987443251 -0.0474905039248163 1
-0.0235901108752057 -0.003199310066721737 1
0.00333368478005168 0.03874972280214654 1
-0.04645714257096463 0.04109189167893487 1
-0.05051390537491525 -0.04514835187441003 1
-0.01953334708559423 0.08304092586240028 1
-0.06932417486656609 0.08538309806475336 1
-0.04240037948117455 0.127332133021581 1
0.007390448421516209 0.1249899598777449 1
-0.09219120735046368 0.1296743059070866 1
-0.1191150026885728 0.08772527058451843 1
-0.01547658408859652 0.1692811679228202 1
0.03431424379978136 0.1669389948896662 1
-0.1419820352293691 0.1320164788669766 1
-0.1689058305678097 0.09006744354697235 1
0.01144721125269405 0.2112302032207803 1
0.06123803914802947 0.2088880301338009 1
0.08410507170104731 0.1645968217568078 1
0.1110288670444858 0.2065458570381499 1
0.1338958995976905 0.1622546486597107 1
-0.1917728631194156 0.1343586519130454 1
-0.2186966584601658 0.0924096166109061 1
-0.1958296259076446 0.04811840823775319 1
-0.1648490677766914 0.1763076871999155 1
-0.2456204538027374 0.05046058132285616 1
-0.2227534212497013 0.006169372945719778 1
-0.02764687303169249 -0.08943955862766063 1
-0.07743770035242339 -0.0870973899866142 1
-0.05457066789517049 -0.1313885976226184 1
-0.1043614957108722 -0.1290464251518073 1
-0.08149446316047892 -0.1733376335084665 1
-0.1312852910373852 -0.1709954605640831 1
-0.1084182584874365 -0.2152866689173101 1
-0.05862743059241955 -0.2176288420018209 1
0.1608196949403585 0.2042036839470137 1
0.183686727493466 0.1599124755693271 1
0.03837100659615035 0.253179238501986 1
-0.01141982129939951 0.2555214115906245 1
-0.1582090863803836 -0.2129444958488138 1
-0.1810761189330058 -0.1686532874749013 1
-0.2725442491451326 0.008511546033440426 1
-0.08555122593239961 -0.2595778773099063 1
-0.03576039803653461 -0.2619200504009787 1
0.1379526623873384 0.2484948923240255 1
-0.2415636910135054 0.1367008249903908 1
0.2106105228359894 0.2018615108577491 1
0.2334775553890565 0.1575703024803744 1
0.2065537600465761 0.1156212671916206 1
0.2563445879421258 0.1132790941029843 1
-0.2079999142755012 -0.2106023227635244 1
-0.2308669468284851 -0.166311114386813 1
0.01550397404331923 0.2974704468775362 1
-0.03428685385225418 0.299812619966357 1
0.22942079259964 0.07133005881427115 1
0.2792116204951763 0.06898788572573754 1
-0.008836602693847883 -0.2199710151126952 1
0.01403042985973829 -0.2642622234951036 1
-0.295411281698198 0.05280275441080456 1
-0.01289336548283114 -0.3062112587832405 1
0.03689746241281165 -0.3085534318725903 1
0.06382125775534006 -0.266604396584014 1
-0.1851328817224502 -0.254893531140755 1
0.08668829030837541 -0.31089560496131 1
-0.3223350770406693 0.0108537191219769 1
-0.2994680444876164 -0.03343748925528918 1
0.3061354158376599 0.1109369210144677 1
0.3290024483907109 0.06664571263721775 1
0.3020786530482276 0.02469667734848481 1
0.1136120858891943 -0.2689465696020243 1
0.106972104255241 0.1203056133707778 1
-0.2039431514859937 -0.1243620790981674 1
-0.1003047329663069 -0.04280618113878422 1
-0.06121064919474405 0.2578635846776747 1
-0.08407768174776331 0.3021547930546803 1
-0.257790742170957 -0.2082601496756185 1
-0.2806577747239972 -0.163968941298471 1
0.260401350731549 0.1995193377690348 1
0.2375343181784995 0.2438105461462727 1
0.1364791182436347 -0.3132377780381078 1
-0.007363058509738102 0.3417616552548369 1
0.04242776938580156 0.3394194821662774 1
-0.3492588723831508 -0.03109531616677125 1
0.351869480943762 0.02235450425996703 1
0.3249457250876225 -0.01959462219213867 1
-0.3452021095937204 0.0551449274992304 1
0.009973667070333966 -0.3505024671613645 1
-0.0398171608251999 -0.3481602940728565 1
0.1634029214413059 -0.2712887387369323 1
0.275154988898005 -0.01725251946571008 1
0.09074505349867781 -0.2246553612547752 1
-0.3263918398300996 -0.0753865245440252 1
0.1796299647041082 0.0736722319027929 1
-0.004779840014921806 -0.1337307705878007 1
-0.1110014770902424 0.2602057577659151 1
-0.1338685096432874 0.3044969661431191 1
-0.1607923049857678 0.2625479308543643 1
0.2024969976044115 0.02938102311823176 1
-0.3182783142512369 0.09709396278796369 1
-0.1836593375388184 0.3068391392316119 1
-0.2105831328813008 0.2648901039428723 1
-0.1567398411878461 0.3486967848841543 1
0.1862699474218862 -0.3155799504657348 1
0.1095553228680516 -0.3551868133366481 1
0.3747365200778703 -0.02193671931117852 1
0.3478127938443206 -0.06388605327900446 1
0.3548677599177328 0.1080482651192751 1
0.3328827972108996 0.1527948758354211 1
-0.3070586155292798 -0.2056479812797242 1
-0.3298923902708281 -0.1613396022836229 1
0.2137533567159971 -0.2739973111677714 1
0.1527061697525387 0.03172319633111882 1
-0.2766010119345624 -0.07772869763254753 1
-0.1729625933541695 0.003827199857221385 1
-0.1998863886965817 -0.03812183543206061 1
-0.0881344445371909 0.2159145493886595 1
-0.2840141122065577 -0.2485685305413353 1
-0.3661716455320503 0.0999068181611753 1
-0.3404245633562542 0.1412039795611322 1
0.2870921185831171 0.242780597389203 1
-0.2317646477720064 0.3070606195436317 1
-0.2592174138353424 0.2663168317341583 1
-0.2373141704002019 0.2227884944379342 1
-0.287047014643544 0.2250886426867735 1
0.01950500390221586 0.3825258981957624 1
0.06930301827976151 0.3792037997720615 1
0.09221050620658255 0.3367165227972632 1
-0.02874626014694659 0.3827989445645034 1
-0.3744650857531851 -0.07215758398368786 1
-0.01688948766631718 -0.3911623808299397 1
0.03301146886511316 -0.3911633964765316 1
0.2644581135209897 0.2857595814349503 1
0.2146672856254544 0.2881017545234766 1
0.2431417916085463 0.3298730374974503 1
0.1919390361427579 0.3298193736085855 1
-0.4020163312012853 0.0613218189807587 1
-0.4060394075901251 -0.02610712552440052 1
-0.06667798330912754 -0.3887706278045356 1
-0.08959749324428996 -0.3455950040583143 1
-0.119630153402654 -0.3905133870424226 1
-0.1393988166162405 -0.34347594789605 1
0.2379701999409555 -0.3203545410371685 1
0.1190569818081442 0.3804961675297828 1
0.2091369786525009 -0.3598711595156505 1
-0.3141576907454808 0.2715521032263252 1
-0.3619372365043386 -0.2035646412315882 1
0.3821534419824701 0.1517879758304031 1
0.401981643709892 0.02065414050933777 1
0.3986257326421072 -0.06592767288040412 1
0.3701426018495581 -0.1069180719197012 1
0.3158339183357207 0.2845807665178845 1
0.3602462524272341 0.1953419798066255 1
0.287780299216173 -0.3188119360466063 1
0.2641816919500846 -0.2760618701737338 1
0.342184654788992 -0.1488494958046386 1
0.2710920884991431 -0.1034661693925984 1
0.2402780882698352 -0.2316308804343464 1
0.1674589443666388 -0.1850410006223588 1
0.1984399426790082 -0.05685649707732627 1
0.2482298164181495 -0.05919478880160012 1
0.09480176165643758 -0.1384146916422802 1
0.1176687750581878 -0.1827056379562773 1
0.1904459884231078 -0.2293837497567453 1
0.1755731325228828 -0.01256739633477327 1
0.04501098799457003 -0.1360729445418696 1
0.1257823314699886 -0.01022549671107145 1
0.05312451095630666 0.03640756300715976 1
0.0302574803908901 0.08069875601438131 1
-0.3524676161932224 -0.1168977375579336 1
-0.4031064630681173 -0.1149933867442408 1
-0.3034053998511885 -0.1196160842647142 1
0.02214395078367899 -0.0917817001182776 1
0.01808719263110403 -0.178021979684978 1
0.08004830837285351 0.07835658225720073 1
-0.1500955608111748 -0.04046400844223606 1
-0.1231717654703789 0.001485026859555422 1
-0.1272285282624521 -0.08475521678597688 1
-0.05697723986767338 0.3437164570257954 1
-0.08027065649312257 0.3902860803538226 1
-0.1069619116237684 0.3465899922422503 1
-0.112473272027877 -0.3014897264514946 1
0.05979295650727275 -0.3522395937393001 1
0.08263152751895075 -0.3971358486273565 1
0.1315764521080074 -0.4002747688594354 1
0.1597140899120874 -0.3592492596099551 1
-0.2100788194429379 0.3562218918905234 1
-0.1767881054836564 0.3890554050841933 1
-0.3721259049362012 0.01319589221047531 1
-0.07338093789563629 -0.0008571437474673692 1
-0.146038798017437 0.04577623519044038 1
0.06529345342635763 0.2950681427425556 1
-0.03170363528762243 -0.1756798064197299 1
0.3101921786270923 0.1971771646804502 1
0.2832389809563971 0.1552129493137887 1
-0.2537140781438758 -0.1220096312336298 1
-0.2268068671660986 -0.08006915825829999 1
-0.1150582398850936 0.1739655141418467 1
-0.1379252724338726 0.2182567224860539 1
-0.06526741199736109 0.1716233411136774 1
-0.2348069720667761 -0.2522779156488819 1
-0.2120177616526351 -0.2963833224267281 1
-0.2605291290780596 -0.2903506698959872 1
-0.2643568070164227 0.1809341711537643 1
-0.06268215259152202 -0.3038257018461318 1
-0.1353417622866401 -0.2572295065311801 1
0.1567629321510002 0.1179634402804786 1
0.3772898329111405 0.06360664731278426 1
-0.0962479702515926 0.04343406310512252 1
-0.1876839740247613 0.2205734665330049 1
0.08816160973945825 0.2508270435735032 1
-0.2496766637799488 -0.03577937693317285 1
-0.03834361664409967 0.2135723763190394 1
0.4245787231883197 -0.02291900650148705 1
0.1150840191110882 0.2927142775064278 1
0.187743490282927 0.246152719235087 1
-0.2684874863557657 0.0947517896999325 1
0.252287847230186 0.02703882309211248 1
-0.3140214538679315 0.1832453351716828 1
-0.1622590231362696 -0.2991009682089572 1
-0.1883004479434922 -0.3378417306386354 1
-0.2911887193101861 0.1389883438941443 1
-0.3664977736546807 0.1830179543964102 1
-0.2145900955584997 0.1786105493713425 1
-0.1541523235904389 -0.1267042521868345 1
0.1648993197877394 0.2900030255311395 1
0.1420205139292776 0.3344055897085276 1
0.1737740829048095 0.3785842271139105 1
-0.1770188033354566 -0.08241275836726256 1
0.05718127635998882 0.1226477864570568 1
0.1029153321425695 0.03406544441176466 1
0.1298391352297185 0.07601441809235558 1
0.04095422524780708 -0.2223131881842549 1
0.06787802054469241 -0.1803641529194017 1
0.140555628112852 -0.2270035096548522 1
0.2253637875587738 -0.01490855924484425 1
0.3205320358722494 -0.1053916777946122 1
0.2979612414365817 -0.06146430515427732 1
-0.3419022637151045 0.2245635012722488 1
0.09139311488016784 0.4206470614634608 1
-0.1298375408029177 0.3901888719919306 1
0.4169312223830653 -0.109890220385217 1
0.4266514957687852 0.06096358335352598 1
-0.2414249269823928 -0.3382218866749916 1
0.3384050979455349 0.2403838521998152 1
-0.3885089706263513 0.142169512344615 1
-0.3732774656129783 -0.1546566048884105 1
-0.07639841486188904 0.4384704281597402 1
-0.331367638185782 -0.246247040030949 1
0.049996318475763 -0.4313375224552882 1
-0.2869957029342328 0.3572172675528802 1
-0.3971426858085233 0.2199069391089908 1
-0.3524840148483872 -0.2954218779717864 1
-0.2861021744719583 -0.3599532551619097 1
-0.3550725946842587 0.2993339556402142 1
-0.4069979335322775 -0.2229408766188402 1
0.01632762484376704 0.4576257881948353 1
-0.02844366498792623 -0.4592153563473843 1
0.2615396529028036 0.3731325789643898 1
-0.1213046727517323 -0.4410060271388106 1
-0.2079704780690733 -0.4085832759861728 1
-0.4525388164738016 0.04495514460472939 1
0.4299565005697805 0.1500249530900299 1
0.387651251411566 0.2393543003759561 1
0.3616598678309952 -0.2778181006148627 1
0.1907966570561058 0.4241108889612159 1
-0.437632514065192 0.1352728215944942 1
-0.4535709761425151 -0.04739186376997852 1
0.2312214402096489 -0.4002862018049064 1
-0.1704417312539732 -0.379577765314958 1
-0.2775488019636347 0.3101493476967233 1
-0.4452377906014596 -0.1358576443035706 1
-0.4160469015654671 0.01856859048817738 1
0.3129834974337512 -0.2764336596323543 1
0.4021362835342462 0.1057022326065517 1
0.1469852763492054 -0.4407046268489004 1
-0.003882709014466778 0.4190775398237602 1
-0.3054374633430187 -0.2891578700841629 1
0.3895545827005218 -0.1500538496005546 1
-0.1658493366930122 0.4307134098489422 1
-0.4082989192851496 0.1058134706644075 1
0.4658375116774454 -0.02324898366180935 1
-0.2149031282476295 0.4093075988334844 1
-0.4165410474624823 -0.06815305312616696 1
0.04274975537984001 0.419526762478504 1
-0.251438826165494 0.3436890803666363 1
-0.04398913864607075 -0.42140510699232 1
0.3432503203771471 0.3181423781605661 1
0.4636223641475109 0.06773397853144901 1
0.3112858485930707 -0.35272974690316 1
-0.2112271867976604 -0.3715631888618026 1
0.1048208562516355 0.4589596193052801 1
0.218006036196401 0.3590782147514003 1
-0.09107963393664366 -0.4164407451538192 1
-0.04395175501028997 0.4191396699008514 1
0.4563664880989023 -0.116156014936343 1
0.002059320965635542 -0.4263763493582369 1
-0.2828713325567012 -0.3223433133816306 1
0.05876533869537728 -0.4683850025828702 1
2 3 0 348
1902
1903
1904
1905
1906
1907
1908
1909
1910
1911
1912
1913
1914
1915
1916
1917
1918
1919
1920
1921
1922
1923
1924
1925
1926
1927
1928
1929
1930
1931
1932
1933
1934
1935
1936
1937
1938
1939
1940
1941
1942
1943
1944
1945
1946
1947
1948
1949
1950
1951
1952
1953
1954
1955
1956
1957
1958
1959
1960
1961
1962
1963
1964
1965
1966
1967
1968
1969
1970
1971
1972
1973
1974
1975
1976
1977
1978
1979
1980
1981
1982
1983
1984
1985
1986
1987
1988
1989
1990
1991
1992
1993
1994
1995
1996
1997
1998
1999
2000
2001
2002
2003
2004
2005
2006
2007
2008
2009
2010
2011
2012
2013
2014
2015
2016
2017
2018
2019
2020
2021
2022
2023
2024
2025
2026
2027
2028
2029
2030
2031
2032
2033
2034
2035
2036
2037
2038
2039
2040
2041
2042
2043
2044
2045
2046
2047
2048
2049
2050
2051
2052
2053
2054
2055
2056
2057
2058
2059
2060
2061
2062
2063
2064
2065
2066
2067
2068
2069
2070
2071
2072
2073
2074
2075
2076
2077
2078
2079
2080
2081
2082
2083
2084
2085
2086
2087
2088
2089
2090
2091
2092
2093
2094
2095
2096
2097
2098
2099
2100
2101
2102
2103
2104
2105
2106
2107
2108
2109
2110
2111
2112
2113
2114
2115
2116
2117
2118
2119
2120
2121
2122
2123
2124
2125
2126
2127
2128
2129
2130
2131
2132
2133
2134
2135
2136
2137
2138
2139
2140
2141
2142
2143
2144
2145
2146
2147
2148
2149
2150
2151
2152
2153
2154
2155
2156
2157
2158
2159
2160
2161
2162
2163
2164
2165
2166
2167
2168
2169
2170
2171
2172
2173
2174
2175
2176
2177
2178
2179
2180
2181
2182
2183
2184
2185
2186
2187
2188
2189
2190
2191
2192
2193
2194
2195
2196
2197
2198
2199
2200
2201
2202
2203
2204
2205
2206
2207
2208
2209
2210
2211
2212
2213
2214
2215
2216
2217
2218
2219
2220
2221
2222
2223
2224
2225
2226
2227
2228
2229
2230
2231
2232
2233
2234
2235
2236
2237
2238
2239
2240
2241
2242
2243
2244
2245
2246
2247
2248
2249
-0.250640218558289 0.3840356645913077 0
0.2663100844359815 -0.3704147713176477 0
-0.3769389343613734 -0.2569926139894242 0
0.3638780459529909 0.2821503745325306 0
-0.07813594386189139 -0.4539240998700568 0
0.4509791832322617 -0.06957361607568047 0
-0.4471651350008687 0.09039638224099422 0
0.06385247938759464 0.4580804874211442 0
0.09999246320487987 -0.4451542801438025 0
0.2241363574464088 0.3991428812463879 0
0.4485469455714546 0.1063305019952999 0
-0.3769389343613703 0.2569926139894294 0
-0.4497139144033007 -0.09341840764097142 0
-0.2482434791942013 -0.3862789378897558 0
0.389280394022865 -0.2378842969008419 0
-0.121920506959863 0.436838971996216 0
-0.3191741587880716 0.3261364869371136 0
-0.4189836220283847 -0.1764876566246673 0
0.01867042975325126 -0.4639743330479574 0
0.3009356993032172 0.3397726374817015 0
0.4369343934930197 -0.1523085920260258 0
-0.03304708073577182 0.4550725486173722 0
0.4111479383005239 0.1974625773742963 0
0.455311747790342 0.0225188124108124 0
-0.4203872683527002 0.1772080937473232 0
-0.1666724688842732 -0.4246745247817744 0
0.3345051338496738 -0.3179408154002779 0
0.1452970040695293 0.4324545577179461 0
-0.3218541374571731 -0.3299986922754763 0
-0.4562106573531632 3.271154812714368e-15 0
0.1852667201784438 -0.4113450874441544 0
0.4132092922168182 -0.1943419118406061 0
0.3649203832792383 -0.1931248876277354 0
0.3397554830757201 -0.234765432266033 0
0.3165779227834982 -0.1916071988442534 0
0.2900185086798606 -0.2332038032926122 0
0.2670186508684619 -0.1895189364132218 0
0.2939379490746252 -0.1476861630739945 0
0.244166068069849 -0.1453897666992645 0
0.2172467373215314 -0.1873470336186708 0
0.1943814719003847 -0.1430835460118992 0
0.2213057205202261 -0.1011392465878896 0
0.1715158483852286 -0.09880373902629819 0
0.1445922122795284 -0.1407538849719354 0
0.1217254408556698 -0.0964647619838291 0
0.1486492803398152 -0.05451607471204058 0
0.09885852924345241 -0.05217449184815479 0
0.07193474670069 -0.09412362550666825 0
0.04906773643675511 -0.04983258989816389 0
0.0759915354951389 -0.007883583405113678 0
0.0262007140659382 -0.005541460304697017 0
-0.0007230801987443251 -0.0474905039248163 0
-0.0235901108752057 -0.003199310066721737 0
0.00333368478005168 0.03874972280214654 0
-0.04645714257096463 0.04109189167893487 0
-0.05051390537491525 -0.04514835187441003 0
-0.01953334708559423 0.08304092586240028 0
-0.06932417486656609 0.08538309806475336 0
-0.04240037948117455 0.127332133021581 0
0.007390448421516209 0.1249899598777449 0
-0.09219120735046368 0.1296743059070866 0
-0.1191150026885728 0.08772527058451843 0
-0.01547658408859652 0.1692811679228202 0
0.03431424379978136 0.1669389948896662 0
-0.1419820352293691 0.1320164788669766 0
-0.1689058305678097 0.09006744354697235 0
0.01144721125269405 0.2112302032207803 0
0.06123803914802947 0.2088880301338009 0
0.08410507170104731 0.1645968217568078 0
0.1110288670444858 0.2065458570381499 0
0.1338958995976905 0.1622546486597107 0
-0.1917728631194156 0.1343586519130454 0
-0.2186966584601658 0.0924096166109061 0
-0.1958296259076446 0.04811840823775319 0
-0.1648490677766914 0.1763076871999155 0
-0.2456204538027374 0.05046058132285616 0
-0.2227534212497013 0.006169372945719778 0
-0.02764687303169249 -0.08943955862766063 0
-0.07743770035242339 -0.0870973899866142 0
-0.05457066789517049 -0.1313885976226184 0
-0.1043614957108722 -0.1290464251518073 0
-0.08149446316047892 -0.1733376335084665 0
-0.1312852910373852 -0.1709954605640831 0
-0.1084182584874365 -0.2152866689173101 0
-0.05862743059241955 -0.2176288420018209 0
0.1608196949403585 0.2042036839470137 0
0.183686727493466 0.1599124755693271 0
0.03837100659615035 0.253179238501986 0
-0.01141982129939951 0.2555214115906245 0
-0.1582090863803836 -0.2129444958488138 0
-0.1810761189330058 -0.1686532874749013 0
-0.2725442491451326 0.008511546033440426 0
-0.08555122593239961 -0.2595778773099063 0
-0.03576039803653461 -0.2619200504009787 0
0.1379526623873384 0.2484948923240255 0
-0.2415636910135054 0.1367008249903908 0
0.2106105228359894 0.2018615108577491 0
0.2334775553890565 0.1575703024803744 0
0.2065537600465761 0.1156212671916206 0
0.2563445879421258 0.1132790941029843 0
-0.2079999142755012 -0.2106023227635244 0
-0.2308669468284851 -0.166311114386813 0
0.01550397404331923 0.2974704468775362 0
-0.03428685385225418 0.299812619966357 0
0.22942079259964 0.07133005881427115 0
0.2792116204951763 0.06898788572573754 0
-0.008836602693847883 -0.2199710151126952 0
0.01403042985973829 -0.2642622234951036 0
-0.295411281698198 0.05280275441080456 0
-0.01289336548283114 -0.3062112587832405 0
0.03689746241281165 -0.3085534318725903 0
0.06382125775534006 -0.266604396584014 0
-0.1851328817224502 -0.254893531140755 0
0.08668829030837541 -0.31089560496131 0
-0.3223350770406693 0.0108537191219769 0
-0.2994680444876164 -0.03343748925528918 0
0.3061354158376599 0.1109369210144677 0
0.3290024483907109 0.06664571263721775 0
0.3020786530482276 0.02469667734848481 0
0.1136120858891943 -0.2689465696020243 0
0.106972104255241 0.1203056133707778 0
-0.2039431514859937 -0.1243620790981674 0
-0.1003047329663069 -0.04280618113878422 0
-0.06121064919474405 0.2578635846776747 0
-0.08407768174776331 0.3021547930546803 0
-0.257790742170957 -0.2082601496756185 0
-0.2806577747239972 -0.163968941298471 0
0.260401350731549 0.1995193377690348 0
0.2375343181784995 0.2438105461462727 0
0.1364791182436347 -0.3132377780381078 0
-0.007363058509738102 0.3417616552548369 0
0.04242776938580156 0.3394194821662774 0
-0.3492588723831508 -0.03109531616677125 0
0.351869480943762 0.02235450425996703 0
0.3249457250876225 -0.01959462219213867 0
-0.3452021095937204 0.0551449274992304 0
0.009973667070333966 -0.3505024671613645 0
-0.0398171608251999 -0.3481602940728565 0
0.1634029214413059 -0.2712887387369323 0
0.275154988898005 -0.01725251946571008 0
0.09074505349867781 -0.2246553612547752 0
-0.3263918398300996 -0.0753865245440252 0
0.1796299647041082 0.0736722319027929 0
-0.004779840014921806 -0.1337307705878007 0
-0.1110014770902424 0.2602057577659151 0
-0.1338685096432874 0.3044969661431191 0
-0.1607923049857678 0.2625479308543643 0
0.2024969976044115 0.02938102311823176 0
-0.3182783142512369 0.09709396278796369 0
-0.1836593375388184 0.3068391392316119 0
-0.2105831328813008 0.2648901039428723 0
-0.1567398411878461 0.3486967848841543 0
0.1862699474218862 -0.3155799504657348 0
0.1095553228680516 -0.3551868133366481 0
0.3747365200778703 -0.02193671931117852 0
0.3478127938443206 -0.06388605327900446 0
0.3548677599177328 0.1080482651192751 0
0.3328827972108996 0.1527948758354211 0
-0.3070586155292798 -0.2056479812797242 0
-0.3298923902708281 -0.1613396022836229 0
0.2137533567159971 -0.2739973111677714 0
0.1527061697525387 0.03172319633111882 0
-0.2766010119345624 -0.07772869763254753 0
-0.1729625933541695 0.003827199857221385 0
-0.1998863886965817 -0.03812183543206061 0
-0.0881344445371909 0.2159145493886595 0
-0.2840141122065577 -0.2485685305413353 0
-0.3661716455320503 0.0999068181611753 0
-0.3404245633562542 0.1412039795611322 0
0.2870921185831171 0.242780597389203 0
-0.2317646477720064 0.3070606195436317 0
-0.2592174138353424 0.2663168317341583 0
-0.2373141704002019 0.2227884944379342 0
-0.287047014643544 0.2250886426867735 0
0.01950500390221586 0.3825258981957624 0
0.06930301827976151 0.3792037997720615 0
0.09221050620658255 0.3367165227972632 0
-0.02874626014694659 0.3827989445645034 0
-0.3744650857531851 -0.07215758398368786 0
-0.01688948766631718 -0.3911623808299397 0
0.03301146886511316 -0.3911633964765316 0
0.2644581135209897 0.2857595814349503 0
0.2146672856254544 0.2881017545234766 0
0.2431417916085463 0.3298730374974503 0
0.1919390361427579 0.3298193736085855 0
-0.4020163312012853 0.0613218189807587 0
-0.4060394075901251 -0.02610712552440052 0
-0.06667798330912754 -0.3887706278045356 0
-0.08959749324428996 -0.3455950040583143 0
-0.119630153402654 -0.3905133870424226 0
-0.1393988166162405 -0.34347594789605 0
0.2379701999409555 -0.3203545410371685 0
0.1190569818081442 0.3804961675297828 0
0.2091369786525009 -0.3598711595156505 0
-0.3141576907454808 0.2715521032263252 0
-0.3619372365043386 -0.2035646412315882 0
0.3821534419824701 0.1517879758304031 0
0.401981643709892 0.02065414050933777 0
0.3986257326421072 -0.06592767288040412 0
0.3701426018495581 -0.1069180719197012 0
0.3158339183357207 0.2845807665178845 0
0.3602462524272341 0.1953419798066255 0
0.287780299216173 -0.3188119360466063 0
0.2641816919500846 -0.2760618701737338 0
0.342184654788992 -0.1488494958046386 0
0.2710920884991431 -0.1034661693925984 0
0.2402780882698352 -0.2316308804343464 0
0.1674589443666388 -0.1850410006223588 0
0.1984399426790082 -0.05685649707732627 0
0.2482298164181495 -0.05919478880160012 0
0.09480176165643758 -0.1384146916422802 0
0.1176687750581878 -0.1827056379562773 0
0.1904459884231078 -0.2293837497567453 0
0.1755731325228828 -0.01256739633477327 0
0.04501098799457003 -0.1360729445418696 0
0.1257823314699886 -0.01022549671107145 0
0.05312451095630666 0.03640756300715976 0
0.0302574803908901 0.08069875601438131 0
-0.3524676161932224 -0.1168977375579336 0
-0.4031064630681173 -0.1149933867442408 0
-0.3034053998511885 -0.1196160842647142 0
0.02214395078367899 -0.0917817001182776 0
0.01808719263110403 -0.178021979684978 0
0.08004830837285351 0.07835658225720073 0
-0.1500955608111748 -0.04046400844223606 0
-0.1231717654703789 0.001485026859555422 0
-0.1272285282624521 -0.08475521678597688 0
-0.05697723986767338 0.3437164570257954 0
-0.08027065649312257 0.3902860803538226 0
-0.1069619116237684 0.3465899922422503 0
-0.112473272027877 -0.3014897264514946 0
0.05979295650727275 -0.3522395937393001 0
0.08263152751895075 -0.3971358486273565 0
0.1315764521080074 -0.4002747688594354 0
0.1597140899120874 -0.3592492596099551 0
-0.2100788194429379 0.3562218918905234 0
-0.1767881054836564 0.3890554050841933 0
-0.3721259049362012 0.01319589221047531 0
-0.07338093789563629 -0.0008571437474673692 0
-0.146038798017437 0.04577623519044038 0
0.06529345342635763 0.2950681427425556 0
-0.03170363528762243 -0.1756798064197299 0
0.3101921786270923 0.1971771646804502 0
0.2832389809563971 0.1552129493137887 0
-0.2537140781438758 -0.1220096312336298 0
-0.2268068671660986 -0.08006915825829999 0
-0.1150582398850936 0.1739655141418467 0
-0.1379252724338726 0.2182567224860539 0
-0.06526741199736109 0.1716233411136774 0
-0.2348069720667761 -0.2522779156488819 0
-0.2120177616526351 -0.2963833224267281 0
-0.2605291290780596 -0.2903506698959872 0
-0.2643568070164227 0.1809341711537643 0
-0.06268215259152202 -0.3038257018461318 0
-0.1353417622866401 -0.2572295065311801 0
0.1567629321510002 0.1179634402804786 0
0.3772898329111405 0.06360664731278426 0
-0.0962479702515926 0.04343406310512252 0
-0.1876839740247613 0.2205734665330049 0
0.08816160973945825 0.2508270435735032 0
-0.2496766637799488 -0.03577937693317285 0
-0.03834361664409967 0.2135723763190394 0
0.4245787231883197 -0.02291900650148705 0
0.1150840191110882 0.2927142775064278 0
0.187743490282927 0.246152719235087 0
-0.2684874863557657 0.0947517896999325 0
0.252287847230186 0.02703882309211248 0
-0.3140214538679315 0.1832453351716828 0
-0.1622590231362696 -0.2991009682089572 0
-0.1883004479434922 -0.3378417306386354 0
-0.2911887193101861 0.1389883438941443 0
-0.3664977736546807 0.1830179543964102 0
-0.2145900955584997 0.1786105493713425 0
-0.1541523235904389 -0.1267042521868345 0
0.1648993197877394 0.2900030255311395 0
0.1420205139292776 0.3344055897085276 0
0.1737740829048095 0.3785842271139105 0
-0.1770188033354566 -0.08241275836726256 0
0.05718127635998882 0.1226477864570568 0
0.1029153321425695 0.03406544441176466 0
0.1298391352297185 0.07601441809235558 0
0.04095422524780708 -0.2223131881842549 0
0.06787802054469241 -0.1803641529194017 0
0.140555628112852 -0.2270035096548522 0
0.2253637875587738 -0.01490855924484425 0
0.3205320358722494 -0.1053916777946122 0
0.2979612414365817 -0.06146430515427732 0
-0.3419022637151045 0.2245635012722488 0
0.09139311488016784 0.4206470614634608 0
-0.1298375408029177 0.3901888719919306 0
0.4169312223830653 -0.109890220385217 0
0.4266514957687852 0.06096358335352598 0
-0.2414249269823928 -0.3382218866749916 0
0.3384050979455349 0.2403838521998152 0
-0.3885089706263513 0.142169512344615 0
-0.3732774656129783 -0.1546566048884105 0
-0.07639841486188904 0.4384704281597402 0
-0.331367638185782 -0.246247040030949 0
0.049996318475763 -0.4313375224552882 0
-0.2869957029342328 0.3572172675528802 0
-0.3971426858085233 0.2199069391089908 0
-0.3524840148483872 -0.2954218779717864 0
-0.2861021744719583 -0.3599532551619097 0
-0.3550725946842587 0.2993339556402142 0
-0.4069979335322775 -0.2229408766188402 0
0.01632762484376704 0.4576257881948353 0
-0.02844366498792623 -0.4592153563473843 0
0.2615396529028036 0.3731325789643898 0
-0.1213046727517323 -0.4410060271388106 0
-0.2079704780690733 -0.4085832759861728 0
-0.4525388164738016 0.04495514460472939 0
0.4299565005697805 0.1500249530900299 0
0.387651251411566 0.2393543003759561 0
0.3616598678309952 -0.2778181006148627 0
0.1907966570561058 0.4241108889612159 0
-0.437632514065192 0.1352728215944942 0
-0.4535709761425151 -0.04739186376997852 0
0.2312214402096489 -0.4002862018049064 0
-0.1704417312539732 -0.379577765314958 0
-0.2775488019636347 0.3101493476967233 0
-0.4452377906014596 -0.1358576443035706 0
-0.4160469015654671 0.01856859048817738 0
0.3129834974337512 -0.2764336596323543 0
0.4021362835342462 0.1057022326065517 0
0.1469852763492054 -0.4407046268489004 0
-0.003882709014466778 0.4190775398237602 0
-0.3054374633430187 -0.2891578700841629 0
0.3895545827005218 -0.1500538496005546 0
-0.1658493366930122 0.4307134098489422 0
-0.4082989192851496 0.1058134706644075 0
0.4658375116774454 -0.02324898366180935 0
-0.2149031282476295 0.4093075988334844 0
-0.4165410474624823 -0.06815305312616696 0
0.04274975537984001 0.419526762478504 0
-0.251438826165494 0.3436890803666363 0
-0.04398913864607075 -0.42140510699232 0
0.3432503203771471 0.3181423781605661 0
0.4636223641475109 0.06773397853144901 0
0.3112858485930707 -0.35272974690316 0
-0.2112271867976604 -0.3715631888618026 0
0.1048208562516355 0.4589596193052801 0
0.218006036196401 0.3590782147514003 0
-0.09107963393664366 -0.4164407451538192 0
-0.04395175501028997 0.4191396699008514 0
0.4563664880989023 -0.116156014936343 0
0.002059320965635542 -0.4263763493582369 0
-0.2828713325567012 -0.3223433133816306 0
0.05876533869537728 -0.4683850025828702 0
3 1 0 0
$EndNodes
$Elements
8 4642 1 4642
0 1 15 1
1 1 
0 2 15 1
2 2 
1 1 1 63
3 1 3 
4 3 4 
5 4 5 
6 5 6 
7 6 7 
8 7 8 
9 8 9 
10 9 10 
11 10 11 
12 11 12 
13 12 13 
14 13 14 
15 14 15 
16 15 16 
17 16 17 
18 17 18 
19 18 19 
20 19 20 
21 20 21 
22 21 22 
23 22 23 
24 23 24 
25 24 25 
26 25 26 
27 26 27 
28 27 28 
29 28 29 
30 29 30 
31 30 31 
32 31 32 
33 32 33 
34 33 34 
35 34 35 
36 35 36 
37 36 37 
38 37 38 
39 38 39 
40 39 40 
41 40 41 
42 41 42 
43 42 43 
44 43 44 
45 44 45 
46 45 46 
47 46 47 
48 47 48 
49 48 49 
50 49 50 
51 50 51 
52 51 52 
53 52 53 
54 53 54 
55 54 55 
56 55 56 
57 56 57 
58 57 58 
59 58 59 
60 59 60 
61 60 61 
62 61 62 
63 62 63 
64 63 64 
65 64 1 
1 2 1 20
66 2 65 
67 65 66 
68 66 67 
69 67 68 
70 68 69 
71 69 70 
72 70 71 
73 71 72 
74 72 73 
75 73 74 
76 74 75 
77 75 76 
78 76 77 
79 77 78 
80 78 79 
81 79 80 
82 80 81 
83 81 82 
84 82 83 
85 83 1 
1 3 1 63
86 2 84 
87 84 85 
88 85 86 
89 86 87 
90 87 88 
91 88 89 
92 89 90 
93 90 91 
94 91 92 
95 92 93 
96 93 94 
97 94 95 
98 95 96 
99 96 97 
100 97 98 
101 98 99 
102 99 100 
103 100 101 
104 101 102 
105 102 103 
106 103 104 
107 104 105 
108 105 106 
109 106 107 
110 107 108 
111 108 109 
112 109 110 
113 110 111 
114 111 112 
115 112 113 
116 113 114 
117 114 115 
118 115 116 
119 116 117 
120 117 118 
121 118 119 
122 119 120 
123 120 121 
124 121 122 
125 122 123 
126 123 124 
127 124 125 
128 125 126 
129 126 127 
130 127 128 
131 128 129 
132 129 130 
133 130 131 
134 131 132 
135 132 133 
136 133 134 
137 134 135 
138 135 136 
139 136 137 
140 137 138 
141 138 139 
142 139 140 
143 140 141 
144 141 142 
145 142 143 
146 143 144 
147 144 145 
148 145 2 
2 1 2 2980
149 1097 1351 1103 
150 170 1434 905 
151 140 899 179 
152 973 974 147 
153 914 1355 154 
154 747 1364 1357 
155 805 1444 178 
156 181 874 855 
157 811 1442 186 
158 1040 1042 157 
159 1112 1337 1113 
160 198 1435 922 
161 160 1354 826 
162 905 1472 170 
163 820 821 173 
164 1347 1352 1036 
165 836 861 196 
166 1096 1349 1097 
167 154 1498 914 
168 818 1441 180 
169 165 868 841 
170 829 1359 200 
171 922 1492 198 
172 1046 1047 172 
173 980 1458 158 
174 147 1473 973 
175 184 1456 953 
176 1042 1486 157 
177 1445 1495 731 
178 855 1481 181 
179 31 1083 178 
180 156 1445 827 
181 1088 1349 1096 
182 164 979 828 
183 102 858 158 
184 1113 1337 1094 
185 186 1463 811 
186 1053 1495 1445 
187 180 1489 818 
188 178 1459 805 
189 1097 1450 1351 
190 1103 1351 801 
191 63 1415 64 
192 148 1080 1079 
193 831 1067 171 
194 141 899 140 
195 155 1095 112 
196 826 1478 160 
197 30 1083 31 
198 1366 1524 817 
199 899 1455 179 
200 1357 1461 747 
201 173 1476 820 
202 974 975 147 
203 999 1000 993 
204 804 1444 805 
205 35 863 36 
206 145 877 144 
207 821 822 173 
208 814 1442 811 
209 1352 1468 1036 
210 1091 1092 195 
211 1392 1439 997 
212 1505 1506 944 
213 944 1506 945 
214 1415 1528 64 
215 172 1490 1046 
216 1112 1443 1337 
217 1431 1524 1366 
218 160 856 131 
219 146 861 839 
220 148 1081 1080 
221 953 1480 184 
222 103 858 102 
223 827 1491 156 
224 1053 1445 156 
225 973 1338 971 
226 849 851 174 
227 734 861 836 
228 112 1095 111 
229 158 1467 980 
230 193 996 995 
231 845 847 204 
232 747 1446 1364 
233 842 868 202 
234 963 1515 1512 
235 131 856 130 
236 963 1512 964 
237 841 868 736 
238 39 1464 825 
239 1386 1482 1360 
240 825 1531 39 
241 905 1434 814 
242 1052 1532 120 
243 120 1465 1052 
244 997 1439 999 
245 1338 1477 971 
246 924 1458 980 
247 1047 1048 172 
248 1448 1452 455 
249 829 1466 1359 
250 117 869 116 
251 1043 1046 199 
252 204 855 845 
253 828 1499 164 
254 885 1398 886 
255 839 859 146 
256 149 863 35 
257 878 895 183 
258 1358 1500 806 
259 91 857 90 
260 145 1526 877 
261 525 1000 999 
262 200 1460 829 
263 202 864 842 
264 1441 1456 88 
265 953 1456 819 
266 193 995 994 
267 839 861 734 
268 1036 1451 1347 
269 832 833 153 
270 100 1458 1435 
271 1360 1472 1386 
272 1349 1450 1097 
273 90 857 180 
274 736 868 842 
275 1042 1043 199 
276 895 897 183 
277 116 869 176 
278 156 1532 1053 
279 995 999 993 
280 922 1435 924 
281 819 1441 818 
282 171 1493 831 
283 196 1457 836 
284 807 1358 806 
285 817 1463 1366 
286 861 1522 196 
287 1484 1535 834 
288 153 1531 832 
289 7 1442 1434 
290 1354 1449 826 
291 165 1523 868 
292 33 1444 1433 
293 174 872 849 
294 841 1461 165 
295 858 1467 158 
296 918 1498 1339 
297 181 1446 874 
298 1079 1479 148 
299 1051 1452 1448 
300 997 1539 1392 
301 1514 1530 166 
302 885 1543 1398 
303 844 1530 1514 
304 795 1521 1363 
305 1507 1524 205 
306 996 1525 150 
307 1083 1459 178 
308 1488 1539 997 
309 162 1508 838 
310 1339 1492 918 
311 944 1504 796 
312 150 1488 996 
313 796 1505 944 
314 188 1502 835 
315 1515 1530 790 
316 848 1524 1507 
317 1511 1533 797 
318 1343 1423 1387 
319 957 1533 1511 
320 1503 1534 794 
321 963 1530 1515 
322 163 1500 1358 
323 909 1534 1503 
324 838 1533 162 
325 819 1456 1441 
326 579 1484 1447 
327 155 1469 1095 
328 1360 1482 203 
329 835 1534 188 
330 549 1432 1429 
331 808 1550 809 
332 195 1494 1091 
333 809 1550 1421 
334 834 1535 1462 
335 1435 1458 924 
336 157 1451 1040 
337 41 881 42 
338 1392 1539 1391 
339 833 884 882 
340 1391 1539 1344 
341 863 1476 36 
342 885 886 883 
343 1067 1468 171 
344 835 1502 208 
345 974 976 975 
346 175 1477 1338 
347 796 1504 909 
348 909 1503 796 
349 821 823 822 
350 945 1506 798 
351 1092 1485 195 
352 838 1508 189 
353 583 1426 1424 
354 1081 1082 1080 
355 851 1496 174 
356 833 882 881 
357 996 997 995 
358 914 1460 1355 
359 882 885 883 
360 1053 1532 1052 
361 1047 1049 1048 
362 164 1466 979 
363 1433 1444 804 
364 1434 1442 814 
365 976 1440 975 
366 793 1513 957 
367 844 1514 190 
368 153 881 41 
369 42 881 197 
370 1363 1480 795 
371 832 1531 825 
372 816 1509 964 
373 957 1511 793 
374 848 1507 182 
375 1181 1440 976 
376 798 1537 945 
377 964 1512 816 
378 833 881 153 
379 160 1478 856 
380 935 1401 934 
381 1084 1149 1078 
382 708 1401 935 
383 1429 1432 976 
384 871 942 774 
385 161 942 871 
386 884 885 882 
387 1339 1498 154 
388 1447 1484 834 
389 870 1395 207 
390 208 1521 835 
391 1395 1418 185 
392 117 1491 869 
393 823 824 822 
394 936 1406 1404 
395 1404 1406 722 
396 1420 1422 177 
397 997 999 995 
398 1046 1490 199 
399 521 1149 1084 
400 1080 1084 1078 
401 1049 1050 1048 
402 170 1472 1360 
403 959 1402 722 
404 191 1417 941 
405 1424 1426 823 
406 722 1406 959 
407 936 1405 935 
408 849 872 738 
409 1082 1084 1080 
410 1404 1405 936 
411 926 1377 911 
412 738 872 740 
413 189 1537 838 
414 934 1401 191 
415 207 1415 870 
416 871 1393 161 
417 768 989 901 
418 935 1405 708 
419 901 911 768 
420 1393 1413 192 
421 973 1473 1338 
422 746 1327 874 
423 874 1327 727 
424 770 1305 1304 
425 1414 1416 1082 
426 942 1396 774 
427 1304 1306 769 
428 770 1304 769 
429 949 1381 950 
430 872 873 740 
431 1254 1306 950 
432 975 1437 147 
433 911 1377 768 
434 769 1306 1254 
435 824 825 822 
436 870 1418 1395 
437 1082 1416 1084 
438 207 1395 82 
439 1050 1052 1048 
440 847 1487 204 
441 1049 1051 1050 
442 689 1314 799 
443 1262 1315 1293 
444 689 1315 1314 
445 332 1369 336 
446 1390 1410 939 
447 336 1329 952 
448 502 1262 501 
449 540 926 911 
450 1100 1202 750 
451 782 1202 1100 
452 1202 1203 750 
453 161 1393 73 
454 875 1262 506 
455 1293 1315 689 
456 273 1215 1203 
457 270 1214 273 
458 1203 1215 750 
459 1214 1215 273 
460 952 1329 1298 
461 723 1328 720 
462 779 1324 1098 
463 727 1327 723 
464 666 1210 896 
465 211 940 213 
466 716 1261 713 
467 421 1135 420 
468 369 983 372 
469 506 1262 502 
470 887 940 211 
471 506 1261 875 
472 1021 1333 1285 
473 876 877 206 
474 479 1004 925 
475 722 1402 721 
476 1270 1307 903 
477 480 1004 479 
478 418 1000 525 
479 540 911 900 
480 900 1210 540 
481 209 876 206 
482 529 1066 990 
483 169 887 69 
484 950 1381 1254 
485 1145 1370 1301 
486 1099 1142 781 
487 881 882 197 
488 990 991 529 
489 875 1261 716 
490 893 983 368 
491 781 1100 1099 
492 1019 1251 1022 
493 368 955 893 
494 483 1007 920 
495 782 1100 781 
496 785 1307 1270 
497 531 891 889 
498 1423 1520 1387 
499 66 209 206 
500 1022 1251 567 
501 169 940 887 
502 1015 1248 1018 
503 876 894 878 
504 990 1066 904 
505 958 960 79 
506 484 1007 483 
507 1018 1248 563 
508 896 1210 900 
509 1011 1245 1014 
510 479 1135 421 
511 1134 1249 1135 
512 854 1134 980 
513 894 895 878 
514 889 906 531 
515 666 896 895 
516 1014 1245 559 
517 210 894 876 
518 876 878 877 
519 269 1214 270 
520 666 895 894 
521 368 983 369 
522 932 1221 1010 
523 214 1210 666 
524 854 1249 1134 
525 888 904 413 
526 950 1306 585 
527 925 1135 479 
528 1021 1285 1023 
529 879 1246 880 
530 903 907 511 
531 1327 1328 723 
532 1010 1221 555 
533 529 1000 418 
534 1301 1370 691 
535 824 832 825 
536 487 984 916 
537 674 906 889 
538 413 902 888 
539 991 1000 529 
540 255 1309 1267 
541 1107 1324 779 
542 720 1320 718 
543 948 950 585 
544 704 907 903 
545 871 1413 1393 
546 364 902 413 
547 1135 1249 420 
548 187 210 209 
549 364 910 902 
550 879 1214 269 
551 488 984 487 
552 372 983 531 
553 483 1004 480 
554 904 1066 1031 
555 1068 1286 1069 
556 188 909 908 
557 269 1246 879 
558 69 887 68 
559 970 977 972 
560 875 1315 1262 
561 1050 1053 1052 
562 210 876 209 
563 929 933 931 
564 939 1362 940 
565 931 933 527 
566 188 908 68 
567 1285 1333 880 
568 920 1004 483 
569 667 905 814 
570 1262 1293 501 
571 1069 1286 683 
572 896 897 895 
573 626 933 929 
574 79 960 78 
575 487 1007 484 
576 947 951 949 
577 1246 1285 880 
578 713 1261 711 
579 66 206 65 
580 65 208 66 
581 509 906 674 
582 902 910 673 
583 904 1031 413 
584 83 207 82 
585 82 205 83 
586 349 948 585 
587 336 952 951 
588 951 952 949 
589 626 929 928 
590 938 939 169 
591 187 209 67 
592 569 977 970 
593 166 963 962 
594 167 935 934 
595 1018 1251 1019 
596 168 944 943 
597 80 961 182 
598 1267 1309 1195 
599 1014 1248 1015 
600 714 715 713 
601 531 983 891 
602 459 1055 1054 
603 673 910 520 
604 928 1030 626 
605 606 907 704 
606 718 1320 1269 
607 1021 1023 1020 
608 916 1007 487 
609 491 927 912 
610 1020 1023 261 
611 567 1167 1022 
612 491 984 488 
613 214 666 212 
614 492 927 491 
615 1054 1056 459 
616 1010 1245 1011 
617 845 855 727 
618 166 962 78 
619 741 905 623 
620 667 814 811 
621 167 934 77 
622 345 948 349 
623 459 1056 460 
624 711 1260 593 
625 1069 1287 690 
626 712 713 711 
627 70 938 169 
628 962 964 961 
629 218 926 540 
630 261 1024 1020 
631 690 1300 691 
632 724 727 723 
633 191 941 75 
634 258 1024 261 
635 866 904 888 
636 185 959 958 
637 168 943 70 
638 939 940 169 
639 931 1221 932 
640 336 1369 1329 
641 1300 1301 691 
642 495 927 492 
643 715 716 713 
644 616 988 987 
645 352 926 220 
646 338 951 947 
647 511 1270 903 
648 1232 1234 1233 
649 211 212 210 
650 898 899 897 
651 623 905 667 
652 1029 1030 928 
653 715 717 716 
654 963 964 962 
655 187 211 210 
656 724 845 727 
657 663 979 728 
658 947 948 345 
659 1232 1235 1234 
660 68 187 67 
661 67 188 68 
662 855 874 727 
663 748 953 715 
664 1057 1058 463 
665 67 209 66 
666 75 956 190 
667 589 954 656 
668 941 942 161 
669 257 1025 1016 
670 569 970 969 
671 882 883 197 
672 659 969 968 
673 666 894 212 
674 718 1269 513 
675 969 970 968 
676 167 936 935 
677 254 1025 257 
678 463 1058 464 
679 222 937 352 
680 912 984 491 
681 563 1251 1018 
682 717 819 818 
683 965 967 966 
684 69 908 168 
685 342 947 345 
686 714 748 715 
687 616 1306 1304 
688 943 945 189 
689 717 953 819 
690 616 987 584 
691 721 723 720 
692 212 894 210 
693 185 958 80 
694 583 1322 779 
695 339 1331 982 
696 712 714 713 
697 866 990 904 
698 81 185 80 
699 218 540 216 
700 896 898 897 
701 559 1248 1014 
702 80 182 81 
703 720 1328 1320 
704 617 987 741 
705 162 957 956 
706 717 818 778 
707 346 937 224 
708 944 945 943 
709 981 1367 346 
710 664 965 810 
711 965 966 810 
712 656 954 841 
713 352 1377 926 
714 659 967 965 
715 79 962 961 
716 987 1386 741 
717 1235 1282 1274 
718 220 926 218 
719 674 702 698 
720 721 724 723 
721 460 1056 463 
722 765 978 808 
723 1098 1324 1099 
724 555 1245 1010 
725 215 216 214 
726 509 674 643 
727 889 890 702 
728 617 741 623 
729 217 218 216 
730 253 1026 1012 
731 659 965 610 
732 219 220 218 
733 250 1026 253 
734 76 934 191 
735 345 349 347 
736 726 986 807 
737 79 961 80 
738 222 352 220 
739 349 584 412 
740 1232 1233 1230 
741 1295 1330 1277 
742 1304 1305 988 
743 192 938 71 
744 1038 1059 467 
745 982 1334 981 
746 221 222 220 
747 651 711 593 
748 74 941 161 
749 585 616 584 
750 903 1307 707 
751 717 778 716 
752 937 1375 352 
753 824 834 832 
754 947 949 948 
755 235 1208 1002 
756 213 214 212 
757 988 1386 987 
758 71 943 189 
759 606 704 703 
760 719 720 718 
761 527 1221 931 
762 891 892 890 
763 949 950 948 
764 467 1059 468 
765 685 954 589 
766 226 981 346 
767 346 1372 937 
768 1028 1029 671 
769 985 986 726 
770 616 1304 988 
771 223 224 222 
772 342 345 344 
773 704 707 705 
774 257 1024 258 
775 464 1058 467 
776 68 908 69 
777 698 1176 643 
778 1056 1057 463 
779 674 698 643 
780 219 221 220 
781 889 891 890 
782 78 960 167 
783 217 219 218 
784 674 889 702 
785 78 167 77 
786 818 1314 778 
787 639 946 784 
788 799 828 688 
789 224 937 222 
790 664 810 770 
791 891 893 892 
792 702 780 698 
793 799 857 828 
794 338 947 342 
795 746 747 685 
796 695 1003 776 
797 70 169 69 
798 69 168 70 
799 76 191 75 
800 221 223 222 
801 162 956 74 
802 215 217 216 
803 72 192 71 
804 710 1006 826 
805 704 903 707 
806 1228 1229 1227 
807 573 969 659 
808 228 982 981 
809 688 979 663 
810 749 986 985 
811 332 336 334 
812 225 226 224 
813 765 808 767 
814 349 585 584 
815 77 166 78 
816 74 161 73 
817 378 520 370 
818 223 225 224 
819 656 673 520 
820 610 965 664 
821 656 736 673 
822 634 985 726 
823 728 829 729 
824 253 1025 254 
825 584 617 412 
826 970 971 968 
827 1016 1024 257 
828 663 728 611 
829 589 656 520 
830 671 1029 928 
831 704 705 703 
832 71 189 72 
833 339 982 230 
834 584 987 617 
835 585 1306 616 
836 846 847 845 
837 226 346 224 
838 1123 1216 1185 
839 701 1003 693 
840 349 412 347 
841 75 190 76 
842 683 1287 1069 
843 1002 1208 786 
844 227 228 226 
845 747 954 685 
846 467 1058 1038 
847 808 809 767 
848 355 1030 1029 
849 728 729 611 
850 736 737 673 
851 225 227 226 
852 573 659 610 
853 615 1032 733 
854 229 230 228 
855 468 1059 471 
856 736 842 737 
857 828 979 688 
858 68 887 187 
859 735 1070 1063 
860 73 162 74 
861 658 978 765 
862 345 347 344 
863 641 718 513 
864 1232 1282 1235 
865 299 1128 1119 
866 227 229 228 
867 1005 1006 710 
868 651 712 711 
869 406 1064 402 
870 246 1027 249 
871 530 611 495 
872 249 1027 1008 
873 1073 1075 536 
874 232 1002 339 
875 249 1026 250 
876 213 215 214 
877 1228 1231 1230 
878 291 1165 288 
879 295 1125 292 
880 228 981 226 
881 229 231 230 
882 829 830 729 
883 1074 1075 1073 
884 830 914 913 
885 1120 1123 1122 
886 77 934 76 
887 1012 1025 253 
888 231 232 230 
889 1032 1033 733 
890 80 958 79 
891 639 784 783 
892 299 1121 296 
893 726 807 806 
894 78 962 79 
895 239 1028 242 
896 71 938 70 
897 75 941 74 
898 1227 1229 267 
899 408 1069 690 
900 70 943 71 
901 842 843 737 
902 715 953 717 
903 289 1169 1168 
904 842 864 843 
905 1101 1103 801 
906 659 968 967 
907 230 982 228 
908 1197 1199 782 
909 1169 1170 1168 
910 654 1006 1005 
911 234 235 232 
912 231 234 232 
913 520 910 370 
914 1170 1183 759 
915 296 1121 295 
916 634 726 657 
917 611 927 495 
918 601 1005 710 
919 773 1001 636 
920 378 589 520 
921 677 1179 1175 
922 232 339 230 
923 1287 1300 690 
924 358 1031 360 
925 711 1261 1260 
926 1119 1128 680 
927 1119 1121 299 
928 74 956 75 
929 1228 1230 1229 
930 245 1027 246 
931 1102 1103 1101 
932 429 1193 1185 
933 542 1141 545 
934 864 865 843 
935 530 663 611 
936 234 236 235 
937 1159 1162 1160 
938 1061 1065 1062 
939 620 985 634 
940 1331 1334 982 
941 1230 1233 263 
942 1223 1238 1222 
943 753 1219 1217 
944 437 1096 609 
945 1078 1149 1076 
946 236 237 235 
947 656 841 736 
948 710 826 749 
949 238 1028 239 
950 353 1029 1028 
951 211 213 212 
952 1156 1161 1157 
953 676 1189 756 
954 1120 1122 1121 
955 915 918 917 
956 914 915 913 
957 475 1032 615 
958 448 1105 451 
959 609 1103 1102 
960 695 776 775 
961 402 1064 404 
962 509 643 510 
963 235 1002 232 
964 787 1152 1151 
965 413 1031 362 
966 726 806 657 
967 1008 1026 249 
968 431 1213 1086 
969 588 1085 537 
970 236 238 237 
971 247 1286 1068 
972 1124 1127 1126 
973 242 1028 671 
974 972 973 971 
975 970 972 971 
976 238 239 237 
977 514 1065 1061 
978 789 1006 654 
979 364 413 362 
980 693 1003 695 
981 1086 1213 1087 
982 439 1129 436 
983 630 1106 759 
984 918 919 917 
985 1159 1160 1158 
986 336 951 334 
987 1096 1097 609 
988 1130 1132 1131 
989 334 951 338 
990 787 1111 597 
991 719 721 720 
992 891 983 893 
993 762 1283 1195 
994 757 1104 682 
995 664 770 769 
996 772 773 636 
997 601 710 619 
998 431 1244 1213 
999 644 1176 701 
1000 239 240 237 
1001 471 1033 1032 
1002 610 664 645 
1003 644 701 693 
1004 362 1031 358 
1005 1068 1069 408 
1006 396 1109 1108 
1007 471 1059 1033 
1008 657 978 658 
1009 353 1028 238 
1010 667 811 668 
1011 241 408 240 
1012 1074 1076 1075 
1013 1098 1099 670 
1014 239 241 240 
1015 787 1151 1111 
1016 1148 1158 523 
1017 453 1224 1155 
1018 919 922 921 
1019 1147 1148 1146 
1020 244 353 238 
1021 689 799 688 
1022 376 906 509 
1023 1117 1118 680 
1024 1033 1034 733 
1025 830 913 912 
1026 1063 1070 1064 
1027 424 1178 1071 
1028 1061 1063 514 
1029 355 1029 353 
1030 1127 1193 1180 
1031 1122 1125 295 
1032 360 366 361 
1033 354 355 353 
1034 1169 1183 1170 
1035 1196 1252 1194 
1036 384 1138 389 
1037 762 1072 638 
1038 280 1190 279 
1039 366 418 367 
1040 537 1085 536 
1041 900 901 898 
1042 514 1064 406 
1043 242 243 241 
1044 287 1184 284 
1045 356 357 355 
1046 418 525 419 
1047 573 610 574 
1048 358 360 357 
1049 655 1101 801 
1050 242 245 243 
1051 293 1161 1156 
1052 1175 1179 629 
1053 293 1156 1132 
1054 281 1199 1197 
1055 277 1203 1202 
1056 570 969 573 
1057 972 974 973 
1058 710 749 619 
1059 366 367 361 
1060 615 732 654 
1061 475 615 586 
1062 360 361 357 
1063 311 1239 1207 
1064 1121 1122 295 
1065 568 1167 567 
1066 376 509 380 
1067 1074 1077 1076 
1068 867 992 991 
1069 1126 1165 291 
1070 732 831 789 
1071 606 703 607 
1072 1166 1167 577 
1073 992 994 993 
1074 418 419 367 
1075 366 529 418 
1076 1158 1160 523 
1077 670 1100 750 
1078 436 1129 434 
1079 732 789 654 
1080 595 1098 670 
1081 612 1096 437 
1082 619 985 620 
1083 922 924 923 
1084 609 1102 438 
1085 1244 1255 1093 
1086 318 1206 321 
1087 680 1128 381 
1088 297 1132 1130 
1089 569 969 570 
1090 245 246 243 
1091 297 1130 1114 
1092 292 1125 291 
1093 929 931 930 
1094 865 867 866 
1095 922 923 921 
1096 671 672 245 
1097 256 1236 255 
1098 383 1117 680 
1099 587 1005 601 
1100 615 654 586 
1101 928 929 672 
1102 247 1068 243 
1103 1076 1149 532 
1104 239 242 241 
1105 1136 1146 517 
1106 408 690 603 
1107 229 233 231 
1108 1071 1178 1133 
1109 929 930 672 
1110 241 1068 408 
1111 519 1133 699 
1112 246 248 247 
1113 446 1105 448 
1114 629 1179 1153 
1115 356 358 357 
1116 992 998 994 
1117 831 856 789 
1118 1185 1193 1123 
1119 244 354 353 
1120 649 1085 588 
1121 613 1070 735 
1122 354 356 355 
1123 396 1108 302 
1124 1150 1166 577 
1125 357 1030 355 
1126 577 1167 568 
1127 992 993 991 
1128 1146 1148 517 
1129 246 247 243 
1130 234 1192 1191 
1131 931 932 930 
1132 526 553 528 
1133 389 1138 631 
1134 558 1387 561 
1135 919 921 920 
1136 424 1198 1178 
1137 398 1153 1109 
1138 1275 1277 1276 
1139 236 244 238 
1140 932 1010 1009 
1141 538 1106 630 
1142 1123 1124 1122 
1143 525 526 419 
1144 765 767 766 
1145 249 250 248 
1146 390 1071 386 
1147 615 733 732 
1148 915 917 916 
1149 924 980 923 
1150 1160 1162 534 
1151 597 1111 447 
1152 687 688 663 
1153 1120 1216 1123 
1154 1108 1109 675 
1155 1035 1036 1034 
1156 557 1387 558 
1157 1010 1011 1009 
1158 1033 1035 1034 
1159 1106 1162 759 
1160 1117 1186 1118 
1161 250 252 251 
1162 586 1005 587 
1163 253 254 252 
1164 596 1129 439 
1165 994 995 993 
1166 424 1071 390 
1167 246 249 248 
1168 654 1005 586 
1169 1011 1014 1013 
1170 457 1237 1226 
1171 250 251 248 
1172 1124 1126 1125 
1173 1147 1158 1148 
1174 1231 1232 1230 
1175 672 1027 245 
1176 554 557 556 
1177 250 253 252 
1178 1151 1152 627 
1179 628 1155 754 
1180 558 561 560 
1181 1224 1226 1225 
1182 254 256 255 
1183 553 554 528 
1184 1014 1015 1013 
1185 732 1067 831 
1186 671 928 672 
1187 242 671 245 
1188 1155 1224 754 
1189 1015 1018 1017 
1190 408 603 240 
1191 791 792 662 
1192 591 1323 661 
1193 386 1071 387 
1194 289 1168 1161 
1195 394 424 390 
1196 1031 1066 360 
1197 216 1210 214 
1198 1127 1180 1163 
1199 1093 1255 1094 
1200 254 255 252 
1201 257 258 256 
1202 1039 1040 1037 
1203 557 558 556 
1204 562 565 564 
1205 867 991 990 
1206 865 866 843 
1207 1097 1103 609 
1208 261 262 260 
1209 254 257 256 
1210 1127 1164 1126 
1211 258 260 259 
1212 932 1009 1008 
1213 536 1085 1073 
1214 1198 1220 853 
1215 541 1141 542 
1216 1034 1067 733 
1217 1133 1178 699 
1218 1018 1019 1017 
1219 1019 1022 1021 
1220 372 531 374 
1221 613 734 665 
1222 258 261 260 
1223 1041 1042 1040 
1224 262 263 260 
1225 262 264 263 
1226 684 685 589 
1227 1137 1207 1139 
1228 561 562 560 
1229 1099 1100 670 
1230 613 735 734 
1231 761 762 638 
1232 1035 1037 1036 
1233 1382 1384 783 
1234 735 839 734 
1235 233 1192 231 
1236 1011 1013 1012 
1237 258 259 256 
1238 414 613 541 
1239 456 1055 459 
1240 288 1165 287 
1241 395 1218 477 
1242 508 606 594 
1243 366 1066 529 
1244 1194 1252 469 
1245 806 978 657 
1246 1183 1187 758 
1247 266 268 267 
1248 265 266 264 
1249 566 575 568 
1250 643 1176 644 
1251 1077 1078 1076 
1252 686 746 685 
1253 1344 1346 1342 
1254 706 1145 632 
1255 735 840 839 
1256 565 566 564 
1257 734 836 665 
1258 1045 1046 1043 
1259 266 269 268 
1260 269 270 268 
1261 1015 1017 1016 
1262 266 267 264 
1263 623 667 624 
1264 1039 1041 1040 
1265 262 265 264 
1266 455 1055 456 
1267 576 579 578 
1268 526 528 527 
1269 570 573 572 
1270 759 1183 758 
1271 840 859 839 
1272 575 576 568 
1273 580 583 582 
1274 1132 1156 1131 
1275 273 274 272 
1276 261 1023 262 
1277 367 626 361 
1278 1233 1234 259 
1279 270 272 271 
1280 820 863 744 
1281 260 1233 259 
1282 274 276 275 
1283 1019 1021 1020 
1284 558 560 559 
1285 270 273 272 
1286 1086 1087 612 
1287 554 556 555 
1288 274 275 272 
1289 579 580 578 
1290 277 278 276 
1291 1153 1179 1109 
1292 583 779 582 
1293 475 586 476 
1294 274 277 276 
1295 270 271 268 
1296 632 1145 602 
1297 1045 1047 1046 
1298 278 280 279 
1299 655 800 730 
1300 800 827 730 
1301 742 802 649 
1302 648 649 588 
1303 655 730 614 
1304 1041 1043 1042 
1305 445 655 614 
1306 562 564 563 
1307 800 869 827 
1308 263 1233 260 
1309 281 282 280 
1310 550 977 569 
1311 278 281 280 
1312 648 742 649 
1313 286 288 287 
1314 1077 1079 1078 
1315 262 1023 265 
1316 282 284 283 
1317 745 820 744 
1318 285 286 284 
1319 278 279 276 
1320 282 283 280 
1321 289 290 288 
1322 284 1184 283 
1323 840 860 859 
1324 286 289 288 
1325 282 285 284 
1326 259 1236 256 
1327 1087 1088 612 
1328 435 612 437 
1329 273 1203 274 
1330 749 985 619 
1331 445 614 446 
1332 802 804 803 
1333 294 296 295 
1334 1087 1089 1088 
1335 1229 1230 263 
1336 274 1203 277 
1337 860 862 859 
1338 460 463 462 
1339 576 578 577 
1340 290 292 291 
1341 443 445 444 
1342 613 665 541 
1343 231 1192 234 
1344 286 287 284 
1345 1077 1083 1079 
1346 1195 1196 1194 
1347 655 801 800 
1348 297 298 296 
1349 1011 1012 1009 
1350 802 803 649 
1351 852 858 851 
1352 738 740 622 
1353 290 291 288 
1354 293 294 292 
1355 468 471 470 
1356 437 609 438 
1357 1090 1091 1089 
1358 290 293 292 
1359 580 582 581 
1360 932 1008 930 
1361 285 1169 286 
1362 294 297 296 
1363 1091 1095 1089 
1364 743 744 742 
1365 294 295 292 
1366 634 657 635 
1367 423 1110 427 
1368 298 299 296 
1369 753 1217 678 
1370 298 300 299 
1371 804 805 803 
1372 1038 1039 1037 
1373 1079 1080 1078 
1374 566 568 567 
1375 286 1169 289 
1376 850 851 849 
1377 401 402 400 
1378 399 400 398 
1379 788 1152 787 
1380 416 514 406 
1381 401 406 402 
1382 519 622 621 
1383 1090 1092 1091 
1384 830 912 729 
1385 399 401 400 
1386 595 670 669 
1387 1015 1016 1013 
1388 456 459 458 
1389 301 302 300 
1390 298 301 300 
1391 392 519 422 
1392 1087 1090 1089 
1393 435 437 436 
1394 302 304 303 
1395 647 648 588 
1396 382 1138 384 
1397 756 757 682 
1398 297 1114 298 
1399 304 305 303 
1400 519 621 422 
1401 745 821 820 
1402 678 787 597 
1403 630 759 758 
1404 302 303 300 
1405 384 386 385 
1406 382 384 383 
1407 397 399 398 
1408 386 387 385 
1409 740 1112 622 
1410 384 385 383 
1411 305 382 381 
1412 367 933 626 
1413 382 383 381 
1414 1163 1180 433 
1415 539 588 537 
1416 1088 1096 612 
1417 676 682 596 
1418 305 381 303 
1419 417 515 416 
1420 622 1112 621 
1421 425 1216 1186 
1422 452 455 454 
1423 1019 1020 1017 
1424 1185 1216 425 
1425 407 416 406 
1426 524 532 522 
1427 397 398 396 
1428 445 446 444 
1429 428 431 430 
1430 535 536 533 
1431 448 451 450 
1432 301 396 302 
1433 392 422 393 
1434 432 435 434 
1435 518 521 516 
1436 730 731 614 
1437 1093 1094 1092 
1438 423 427 426 
1439 739 849 738 
1440 387 392 388 
1441 437 438 436 
1442 440 443 442 
1443 621 1113 1110 
1444 788 1212 1209 
1445 42 197 43 
1446 49 193 50 
1447 26 194 27 
1448 110 195 109 
1449 99 198 98 
1450 124 199 123 
1451 21 196 22 
1452 195 1336 109 
1453 198 1339 98 
1454 109 1336 108 
1455 98 1339 97 
1456 108 159 107 
1457 31 178 32 
1458 52 152 53 
1459 132 160 131 
1460 102 158 101 
1461 37 173 38 
1462 40 153 41 
1463 44 177 45 
1464 105 174 104 
1465 126 157 125 
1466 12 151 13 
1467 28 148 29 
1468 97 154 96 
1469 119 156 118 
1470 15 175 16 
1471 47 150 48 
1472 18 147 19 
1473 34 149 35 
1474 113 155 112 
1475 23 146 24 
1476 122 172 121 
1477 116 176 115 
1478 129 171 128 
1479 97 1339 154 
1480 108 1336 159 
1481 45 1340 46 
1482 177 1340 45 
1483 401 407 406 
1484 621 1110 422 
1485 1112 1113 621 
1486 397 681 399 
1487 417 516 515 
1488 422 1110 423 
1489 301 397 396 
1490 298 1114 301 
1491 648 743 742 
1492 383 680 381 
1493 422 423 393 
1494 524 533 532 
1495 535 537 536 
1496 115 1350 114 
1497 176 1350 115 
1498 743 745 744 
1499 431 432 430 
1500 307 675 309 
1501 387 388 385 
1502 1044 1045 1043 
1503 670 750 669 
1504 518 522 521 
1505 407 417 416 
1506 1090 1093 1092 
1507 301 1114 397 
1508 427 428 426 
1509 681 1116 1115 
1510 580 581 578 
1511 399 1115 401 
1512 681 1115 399 
1513 167 960 936 
1514 114 1348 113 
1515 113 1348 155 
1516 392 393 388 
1517 676 756 682 
1518 401 1115 407 
1519 558 559 556 
1520 576 577 568 
1521 648 1107 743 
1522 1336 1337 159 
1523 435 436 434 
1524 850 852 851 
1525 397 1114 681 
1526 443 444 442 
1527 114 1350 1348 
1528 699 738 622 
1529 490 491 488 
1530 582 595 581 
1531 398 1109 396 
1532 678 788 787 
1533 423 425 393 
1534 459 460 458 
1535 647 1107 648 
1536 423 426 425 
1537 517 518 516 
1538 417 517 516 
1539 919 920 917 
1540 438 440 439 
1541 539 647 588 
1542 754 1222 753 
1543 307 309 308 
1544 464 467 466 
1545 451 452 450 
1546 428 430 429 
1547 128 1352 127 
1548 171 1352 128 
1549 1152 1209 755 
1550 428 429 426 
1551 1063 1064 514 
1552 310 311 308 
1553 739 850 849 
1554 678 1217 788 
1555 1348 1349 155 
1556 518 523 522 
1557 523 524 522 
1558 455 456 454 
1559 176 1351 1350 
1560 562 563 560 
1561 438 439 436 
1562 432 434 433 
1563 534 535 533 
1564 432 433 430 
1565 566 567 564 
1566 524 534 533 
1567 472 475 474 
1568 630 758 679 
1569 404 414 405 
1570 538 630 598 
1571 407 1136 417 
1572 535 538 537 
1573 538 539 537 
1574 1116 1136 1115 
1575 627 676 596 
1576 1115 1136 407 
1577 519 699 622 
1578 446 448 447 
1579 417 1136 517 
1580 441 596 439 
1581 463 464 462 
1582 304 306 305 
1583 472 1032 475 
1584 21 1335 196 
1585 20 1335 21 
1586 641 719 718 
1587 1260 1261 506 
1588 304 307 306 
1589 699 739 738 
1590 446 447 444 
1591 554 555 528 
1592 309 310 308 
1593 440 441 439 
1594 440 442 441 
1595 127 1347 126 
1596 126 1347 157 
1597 690 691 603 
1598 471 472 470 
1599 923 925 921 
1600 595 669 625 
1601 630 679 598 
1602 679 781 598 
1603 283 1190 280 
1604 836 837 665 
1605 526 527 419 
1606 1340 1345 46 
1607 47 1345 150 
1608 46 1345 47 
1609 1039 1057 1041 
1610 628 678 597 
1611 441 627 596 
1612 993 1000 991 
1613 538 598 539 
1614 627 755 676 
1615 638 1072 473 
1616 449 597 447 
1617 1041 1044 1043 
1618 1044 1054 1045 
1619 754 1223 1222 
1620 281 1197 1187 
1621 679 782 781 
1622 550 569 552 
1623 307 308 306 
1624 867 990 866 
1625 448 450 449 
1626 543 1173 1172 
1627 595 625 581 
1628 508 907 606 
1629 578 1150 577 
1630 1035 1038 1037 
1631 127 1352 1347 
1632 133 1354 132 
1633 920 1007 917 
1634 402 404 403 
1635 448 449 447 
1636 751 752 625 
1637 1234 1236 259 
1638 539 1142 647 
1639 628 754 753 
1640 453 1226 1224 
1641 452 453 450 
1642 1017 1024 1016 
1643 669 751 625 
1644 549 977 550 
1645 405 629 403 
1646 637 638 473 
1647 452 454 453 
1648 737 902 673 
1649 449 628 597 
1650 675 677 309 
1651 1124 1193 1127 
1652 628 753 678 
1653 486 487 484 
1654 1013 1025 1012 
1655 925 1004 921 
1656 751 879 752 
1657 879 880 752 
1658 781 1142 598 
1659 359 362 358 
1660 456 458 457 
1661 456 457 454 
1662 683 761 638 
1663 598 1142 539 
1664 1367 1372 346 
1665 617 623 618 
1666 177 1341 1340 
1667 460 462 461 
1668 696 706 632 
1669 581 1150 578 
1670 1041 1057 1044 
1671 1009 1026 1008 
1672 1038 1058 1039 
1673 402 403 400 
1674 460 461 458 
1675 1044 1056 1054 
1676 16 1338 17 
1677 175 1338 16 
1678 467 468 466 
1679 1342 1345 1340 
1680 1020 1024 1017 
1681 11 1356 12 
1682 601 619 602 
1683 404 405 403 
1684 625 1150 581 
1685 1341 1342 1340 
1686 752 1150 625 
1687 243 1068 241 
1688 478 479 421 
1689 1039 1058 1057 
1690 1016 1025 1013 
1691 464 465 462 
1692 1120 1121 1119 
1693 930 1027 672 
1694 921 1004 920 
1695 917 1007 916 
1696 850 853 852 
1697 395 420 394 
1698 504 506 502 
1699 389 390 386 
1700 503 511 505 
1701 792 1273 662 
1702 916 984 913 
1703 542 545 544 
1704 913 984 912 
1705 419 933 367 
1706 515 1065 416 
1707 757 1163 1104 
1708 464 466 465 
1709 915 916 913 
1710 1012 1026 1009 
1711 414 541 415 
1712 472 473 470 
1713 853 854 852 
1714 482 483 480 
1715 735 1063 840 
1716 468 470 469 
1717 361 1030 357 
1718 1125 1126 291 
1719 1343 1344 1342 
1720 1033 1059 1035 
1721 391 394 390 
1722 1213 1244 1093 
1723 468 469 466 
1724 1161 1168 1157 
1725 542 543 415 
1726 587 601 600 
1727 1035 1059 1038 
1728 1272 1274 465 
1729 1134 1135 925 
1730 342 344 343 
1731 338 342 340 
1732 620 634 633 
1733 1341 1343 1342 
1734 1137 1139 1138 
1735 1008 1027 930 
1736 637 683 638 
1737 786 1208 603 
1738 384 389 386 
1739 1044 1057 1056 
1740 420 1249 1220 
1741 527 933 419 
1742 503 1265 511 
1743 788 1209 1152 
1744 541 542 415 
1745 658 765 764 
1746 395 421 420 
1747 545 546 544 
1748 496 530 495 
1749 1061 1062 860 
1750 733 1067 732 
1751 389 631 391 
1752 445 1101 655 
1753 546 549 548 
1754 773 1241 1001 
1755 494 495 492 
1756 586 587 476 
1757 471 1032 472 
1758 435 1086 612 
1759 329 332 330 
1760 1118 1119 680 
1761 414 415 405 
1762 1118 1120 1119 
1763 475 476 474 
1764 363 955 368 
1765 334 338 337 
1766 536 1075 533 
1767 438 1102 440 
1768 356 359 358 
1769 1207 1239 1139 
1770 1226 1237 1225 
1771 626 1030 361 
1772 431 1086 432 
1773 395 477 421 
1774 582 1098 595 
1775 803 1085 649 
1776 302 1108 304 
1777 1234 1281 1236 
1778 424 1220 1198 
1779 755 1189 676 
1780 381 1128 303 
1781 569 570 552 
1782 697 772 636 
1783 307 1108 675 
1784 472 474 473 
1785 300 1128 299 
1786 392 1133 519 
1787 614 1105 446 
1788 293 1132 294 
1789 843 888 737 
1790 1114 1130 681 
1791 840 1061 860 
1792 385 1117 383 
1793 309 1143 310 
1794 809 989 767 
1795 363 364 362 
1796 96 1355 95 
1797 154 1355 96 
1798 478 480 479 
1799 610 645 574 
1800 664 769 645 
1801 532 1149 522 
1802 474 637 473 
1803 750 1215 669 
1804 518 1148 523 
1805 524 1160 534 
1806 535 1106 538 
1807 778 875 716 
1808 1116 1146 1136 
1809 1124 1125 1122 
1810 416 1065 514 
1811 447 1111 444 
1812 762 1195 1194 
1813 289 1161 290 
1814 677 1143 309 
1815 1199 1202 782 
1816 587 599 476 
1817 1163 1164 1127 
1818 400 1153 398 
1819 490 492 491 
1820 332 334 333 
1821 604 636 571 
1822 389 391 390 
1823 1105 1154 451 
1824 493 1295 1275 
1825 682 1129 596 
1826 1064 1070 404 
1827 1180 1193 429 
1828 305 1137 382 
1829 360 1066 366 
1830 201 1354 133 
1831 391 395 394 
1832 534 1162 1106 
1833 639 783 725 
1834 805 1074 1073 
1835 1138 1139 631 
1836 923 1134 925 
1837 543 1172 1171 
1838 546 547 544 
1839 324 1317 323 
1840 602 1145 600 
1841 627 1152 755 
1842 441 1151 627 
1843 1314 1315 778 
1844 542 544 543 
1845 136 1358 135 
1846 1104 1129 682 
1847 762 1194 1072 
1848 752 1166 1150 
1849 866 888 843 
1850 234 1191 236 
1851 643 644 510 
1852 482 484 483 
1853 756 1189 1184 
1854 473 1072 470 
1855 486 488 487 
1856 453 1155 450 
1857 132 1354 160 
1858 371 378 370 
1859 244 605 354 
1860 665 1141 541 
1861 449 1155 628 
1862 1186 1216 1118 
1863 1075 1076 532 
1864 497 639 499 
1865 573 574 572 
1866 277 1202 1199 
1867 433 1180 430 
1868 1071 1133 387 
1869 477 478 421 
1870 281 1187 282 
1871 1130 1131 1116 
1872 629 1153 403 
1873 1162 1170 759 
1874 223 335 225 
1875 425 1186 393 
1876 1218 1257 477 
1877 1164 1165 1126 
1878 429 1185 426 
1879 840 1063 1061 
1880 365 910 364 
1881 1164 1182 1165 
1882 134 201 133 
1883 1187 1197 758 
1884 603 1208 240 
1885 405 1171 629 
1886 277 1199 278 
1887 237 1208 235 
1888 1131 1147 1146 
1889 1139 1140 631 
1890 729 927 611 
1891 1157 1159 1158 
1892 354 1177 356 
1893 776 777 775 
1894 219 350 221 
1895 470 1072 469 
1896 414 1070 613 
1897 980 1134 923 
1898 533 1075 532 
1899 264 1229 263 
1900 675 1179 677 
1901 443 1102 1101 
1902 805 1073 803 
1903 440 1102 443 
1904 500 501 498 
1905 587 600 599 
1906 1195 1283 1267 
1907 1156 1157 1147 
1908 530 687 663 
1909 1137 1138 382 
1910 601 602 600 
1911 756 1182 757 
1912 509 510 380 
1913 457 1226 454 
1914 544 1173 543 
1915 1023 1285 265 
1916 691 786 603 
1917 478 481 480 
1918 779 1098 582 
1919 432 1086 435 
1920 679 1197 782 
1921 310 1143 313 
1922 276 1212 275 
1923 619 620 602 
1924 322 325 324 
1925 434 1129 1104 
1926 326 329 328 
1927 304 1108 307 
1928 443 1101 445 
1929 1217 1219 275 
1930 1141 1181 545 
1931 1222 1238 271 
1932 391 1218 395 
1933 788 1217 1212 
1934 54 202 55 
1935 1087 1213 1090 
1936 311 1207 308 
1937 272 1219 271 
1938 268 1238 267 
1939 434 1104 433 
1940 546 548 547 
1941 327 1317 324 
1942 444 1111 442 
1943 634 635 633 
1944 534 1106 535 
1945 753 1222 1219 
1946 555 1221 528 
1947 549 550 548 
1948 731 1105 614 
1949 517 1148 518 
1950 236 1191 244 
1951 523 1160 524 
1952 303 1128 300 
1953 387 1133 392 
1954 420 1220 394 
1955 681 1130 1116 
1956 388 1117 385 
1957 330 331 328 
1958 294 1132 297 
1959 95 200 94 
1960 757 1182 1164 
1961 1275 1295 1277 
1962 326 327 324 
1963 404 1070 414 
1964 731 1154 1105 
1965 1159 1170 1162 
1966 669 1215 751 
1967 322 323 320 
1968 348 1060 411 
1969 481 482 480 
1970 850 1198 853 
1971 1236 1309 255 
1972 1182 1184 287 
1973 1111 1151 442 
1974 657 658 635 
1975 522 1149 521 
1976 683 1286 761 
1977 1224 1225 1223 
1978 1342 1346 1345 
1979 203 1356 11 
1980 9 1360 10 
1981 318 321 320 
1982 559 1245 556 
1983 318 319 316 
1984 359 955 363 
1985 57 1357 58 
1986 314 317 316 
1987 442 1151 441 
1988 687 689 688 
1989 620 632 602 
1990 290 1161 293 
1991 310 313 312 
1992 356 1177 359 
1993 1175 1256 677 
1994 1220 1249 853 
1995 767 989 768 
1996 703 1389 607 
1997 888 902 737 
1998 428 1244 431 
1999 359 363 362 
2000 482 485 484 
2001 310 312 311 
2002 306 1137 305 
2003 547 1174 1173 
2004 551 1241 1211 
2005 791 793 792 
2006 604 697 636 
2007 543 1171 415 
2008 265 1246 266 
2009 1143 1144 313 
2010 570 572 571 
2011 450 1155 449 
2012 1131 1146 1116 
2013 547 1173 544 
2014 457 1259 1237 
2015 636 1001 571 
2016 837 1141 665 
2017 570 571 552 
2018 1157 1158 1147 
2019 563 1248 560 
2020 1237 1259 1231 
2021 403 1153 400 
2022 317 1206 318 
2023 912 927 729 
2024 531 906 374 
2025 633 696 632 
2026 267 1238 1227 
2027 1131 1156 1147 
2028 485 486 484 
2029 388 1186 1117 
2030 550 551 548 
2031 567 1251 564 
2032 375 377 373 
2033 12 1356 151 
2034 946 1275 784 
2035 1204 1205 317 
2036 900 911 901 
2037 378 684 589 
2038 1168 1170 1159 
2039 606 607 594 
2040 314 315 312 
2041 1073 1085 803 
2042 880 1166 752 
2043 215 608 217 
2044 489 490 488 
2045 552 1001 551 
2046 767 768 766 
2047 620 633 632 
2048 754 1224 1223 
2049 1190 1209 279 
2050 952 1381 949 
2051 1113 1255 1110 
2052 550 552 551 
2053 837 1181 1141 
2054 430 1180 429 
2055 1171 1175 629 
2056 1144 1204 313 
2057 699 1178 739 
2058 605 1177 354 
2059 1157 1168 1159 
2060 486 489 488 
2061 755 1209 1190 
2062 765 766 764 
2063 244 1191 605 
2064 777 1410 1390 
2065 285 1187 1183 
2066 794 795 748 
2067 10 203 11 
2068 1109 1179 675 
2069 285 1183 1169 
2070 348 411 409 
2071 896 900 898 
2072 617 618 412 
2073 1209 1212 279 
2074 501 1253 498 
2075 751 1215 1214 
2076 370 910 365 
2077 599 1201 476 
2078 454 1226 453 
2079 1228 1237 1231 
2080 604 700 697 
2081 490 493 492 
2082 426 1185 425 
2083 474 1201 637 
2084 393 1186 388 
2085 1345 1346 150 
2086 572 604 571 
2087 95 1355 200 
2088 94 1359 93 
2089 1225 1228 1227 
2090 511 907 505 
2091 282 1187 285 
2092 1123 1193 1124 
2093 1178 1198 739 
2094 363 365 364 
2095 325 326 324 
2096 1094 1255 1113 
2097 758 1197 679 
2098 494 496 495 
2099 306 1207 1137 
2100 739 1198 850 
2101 314 1204 317 
2102 415 1171 405 
2103 1269 1320 377 
2104 1205 1206 317 
2105 329 330 328 
2106 757 1164 1163 
2107 778 1315 875 
2108 1104 1163 433 
2109 369 370 365 
2110 278 1199 281 
2111 469 1252 466 
2112 631 1218 391 
2113 645 646 574 
2114 326 328 327 
2115 240 1208 237 
2116 658 763 635 
2117 321 322 320 
2118 1184 1189 283 
2119 571 1001 552 
2120 700 771 697 
2121 363 368 365 
2122 461 1259 458 
2123 322 324 323 
2124 317 318 316 
2125 318 320 319 
2126 308 1207 306 
2127 1258 1266 1257 
2128 252 1267 251 
2129 267 1229 264 
2130 783 785 725 
2131 684 686 685 
2132 1189 1190 283 
2133 1072 1194 469 
2134 493 494 492 
2135 377 1250 373 
2136 279 1212 276 
2137 540 1210 216 
2138 1090 1213 1093 
2139 751 1214 879 
2140 56 165 57 
2141 411 591 590 
2142 347 1060 344 
2143 1235 1274 1272 
2144 1165 1182 287 
2145 1001 1241 551 
2146 163 1358 136 
2147 1212 1217 275 
2148 314 316 315 
2149 639 725 499 
2150 528 1221 527 
2151 311 1263 1239 
2152 650 651 593 
2153 724 846 845 
2154 275 1219 272 
2155 658 764 763 
2156 604 1243 700 
2157 1118 1216 1120 
2158 313 314 312 
2159 271 1238 268 
2160 1378 1380 227 
2161 394 1220 424 
2162 137 163 136 
2163 93 164 92 
2164 700 1329 771 
2165 547 1211 1174 
2166 1219 1222 271 
2167 332 333 330 
2168 476 1201 474 
2169 812 817 815 
2170 592 593 507 
2171 591 661 660 
2172 1239 1263 1240 
2173 338 340 337 
2174 1225 1237 1228 
2175 342 343 340 
2176 1225 1227 1223 
2177 313 1204 314 
2178 1227 1238 1223 
2179 755 1190 1189 
2180 556 1245 555 
2181 334 337 333 
2182 165 1357 57 
2183 465 1274 462 
2184 427 1244 428 
2185 494 497 496 
2186 493 946 494 
2187 500 502 501 
2188 497 946 639 
2189 560 1248 559 
2190 504 1260 506 
2191 1257 1266 477 
2192 371 1250 378 
2193 1140 1218 631 
2194 1172 1175 1171 
2195 496 1253 530 
2196 1172 1256 1175 
2197 58 1364 59 
2198 266 1246 269 
2199 512 513 379 
2200 1274 1282 461 
2201 640 641 513 
2202 427 1255 1244 
2203 797 798 652 
2204 564 1251 563 
2205 1139 1239 1140 
2206 374 906 376 
2207 200 1359 94 
2208 686 1327 746 
2209 248 1284 247 
2210 1239 1240 1140 
2211 344 348 343 
2212 853 1249 854 
2213 756 1184 1182 
2214 551 1211 548 
2215 1166 1333 1167 
2216 607 653 652 
2217 644 693 692 
2218 761 1284 1283 
2219 651 796 712 
2220 461 1282 1259 
2221 505 907 508 
2222 221 1200 223 
2223 376 380 379 
2224 1110 1255 427 
2225 548 1211 547 
2226 1143 1256 1144 
2227 217 1188 219 
2228 466 1252 465 
2229 369 372 371 
2230 693 695 694 
2231 508 594 592 
2232 637 1287 683 
2233 374 376 375 
2234 1372 1375 937 
2235 1174 1280 1173 
2236 372 374 373 
2237 505 508 507 
2238 503 505 504 
2239 1357 1364 58 
2240 368 369 365 
2241 633 1247 696 
2242 340 341 337 
2243 170 1360 9 
2244 8 170 9 
2245 790 791 662 
2246 811 812 668 
2247 667 668 624 
2248 478 1266 481 
2249 572 1243 604 
2250 642 709 708 
2251 714 794 748 
2252 500 503 502 
2253 497 499 498 
2254 497 498 496 
2255 411 590 409 
2256 409 410 351 
2257 59 181 60 
2258 695 775 774 
2259 330 1264 331 
2260 1140 1257 1218 
2261 369 371 370 
2262 1174 1296 1280 
2263 530 1253 687 
2264 660 662 590 
2265 607 1389 653 
2266 893 1373 892 
2267 1283 1284 251 
2268 677 1256 1143 
2269 1240 1258 1257 
2270 1266 1290 481 
2271 623 624 618 
2272 458 1259 457 
2273 140 179 139 
2274 90 180 89 
2275 223 1200 335 
2276 607 652 594 
2277 344 1060 348 
2278 378 1250 684 
2279 512 642 640 
2280 350 1200 221 
2281 1275 1276 784 
2282 1256 1280 1144 
2283 644 692 510 
2284 763 1247 635 
2285 219 1188 350 
2286 494 946 497 
2287 412 1242 347 
2288 940 1362 213 
2289 646 1243 574 
2290 574 1243 572 
2291 592 650 593 
2292 187 887 211 
2293 503 504 502 
2294 1291 1292 1290 
2295 1311 1312 1310 
2296 512 1271 642 
2297 323 1317 1316 
2298 493 1275 946 
2299 591 660 590 
2300 315 1263 312 
2301 797 838 798 
2302 798 1279 652 
2303 348 351 343 
2304 498 1253 496 
2305 1172 1280 1256 
2306 653 797 652 
2307 348 409 351 
2308 93 1359 164 
2309 499 500 498 
2310 635 1247 633 
2311 372 373 371 
2312 347 1242 1060 
2313 505 507 504 
2314 508 592 507 
2315 375 1269 377 
2316 790 844 791 
2317 608 1188 217 
2318 719 722 721 
2319 86 1363 85 
2320 761 1286 1284 
2321 1235 1281 1234 
2322 512 640 513 
2323 143 183 142 
2324 87 184 86 
2325 359 1177 955 
2326 660 790 662 
2327 645 1254 646 
2328 255 1267 252 
2329 376 379 375 
2330 1375 1377 352 
2331 374 375 373 
2332 769 1254 645 
2333 380 512 379 
2334 1240 1257 1140 
2335 373 1250 371 
2336 725 1265 499 
2337 642 708 640 
2338 312 1263 311 
2339 593 1260 507 
2340 693 694 692 
2341 477 1266 478 
2342 779 1322 1107 
2343 1196 1272 1252 
2344 695 774 694 
2345 315 1288 1263 
2346 462 1274 461 
2347 482 1292 485 
2348 1259 1282 1231 
2349 411 1308 591 
2350 775 871 774 
2351 1258 1290 1266 
2352 1263 1288 1240 
2353 1173 1280 1172 
2354 1290 1292 481 
2355 785 1270 725 
2356 500 1265 503 
2357 265 1285 1246 
2358 1022 1333 1021 
2359 61 204 62 
2360 880 1333 1166 
2361 761 1283 762 
2362 10 1360 203 
2363 513 1269 379 
2364 1334 1367 981 
2365 499 1265 500 
2366 618 1242 412 
2367 624 760 618 
2368 329 1369 332 
2369 1231 1282 1232 
2370 380 1271 512 
2371 490 1295 493 
2372 1280 1296 1144 
2373 817 848 815 
2374 1289 1291 1290 
2375 510 1271 380 
2376 846 870 847 
2377 213 1362 215 
2378 183 1497 878 
2379 1267 1283 251 
2380 1288 1299 1289 
2381 1313 1318 1311 
2382 341 1268 337 
2383 333 1264 330 
2384 1099 1324 1142 
2385 5 186 6 
2386 1252 1272 465 
2387 319 1299 316 
2388 1002 1325 339 
2389 251 1284 248 
2390 652 1279 594 
2391 1312 1319 1310 
2392 1401 1417 191 
2393 594 1279 592 
2394 1288 1289 1258 
2395 812 813 668 
2396 409 1273 410 
2397 725 1270 1265 
2398 642 1303 709 
2399 1316 1318 323 
2400 1265 1270 511 
2401 1204 1296 1205 
2402 1284 1286 247 
2403 812 815 813 
2404 4 1366 5 
2405 1296 1302 1205 
2406 794 835 795 
2407 184 1363 86 
2408 333 1268 1264 
2409 337 1268 333 
2410 340 1278 341 
2411 507 1260 504 
2412 481 1292 482 
2413 501 1293 1253 
2414 1298 1329 700 
2415 662 1273 590 
2416 592 1279 650 
2417 351 1278 343 
2418 1201 1287 637 
2419 1253 1293 687 
2420 687 1293 689 
2421 1289 1290 1258 
2422 815 816 813 
2423 1241 1302 1211 
2424 343 1278 340 
2425 1195 1309 1196 
2426 379 1269 375 
2427 590 1273 409 
2428 692 1271 510 
2429 1240 1288 1258 
2430 1373 1376 892 
2431 315 1299 1288 
2432 1242 1308 1060 
2433 1371 1376 1192 
2434 1174 1302 1296 
2435 489 1295 490 
2436 1145 1301 600 
2437 1196 1281 1272 
2438 377 1294 1250 
2439 1250 1294 684 
2440 684 1294 686 
2441 1243 1298 700 
2442 1272 1281 1235 
2443 760 1242 618 
2444 1107 1322 743 
2445 377 1320 1294 
2446 319 1313 1299 
2447 323 1318 320 
2448 1144 1296 1204 
2449 59 1364 181 
2450 1167 1333 1022 
2451 771 1368 1361 
2452 1142 1324 647 
2453 646 1298 1243 
2454 486 1319 489 
2455 215 1362 608 
2456 1291 1313 1311 
2457 1281 1309 1236 
2458 489 1330 1295 
2459 1291 1311 1310 
2460 599 1301 1300 
2461 1271 1303 642 
2462 599 1300 1201 
2463 760 1308 1242 
2464 316 1299 315 
2465 1201 1300 1287 
2466 1192 1376 1191 
2467 773 1321 1241 
2468 600 1301 599 
2469 319 1318 1313 
2470 624 1297 760 
2471 1299 1313 1289 
2472 702 1379 780 
2473 1311 1318 1316 
2474 813 1297 668 
2475 668 1297 624 
2476 1211 1302 1174 
2477 692 1303 1271 
2478 1310 1319 485 
2479 1241 1321 1302 
2480 5 1366 186 
2481 1060 1308 411 
2482 706 1370 1145 
2483 772 1332 773 
2484 772 1353 1332 
2485 773 1332 1321 
2486 694 1303 692 
2487 1320 1328 1294 
2488 322 1353 325 
2489 1308 1323 591 
2490 1311 1316 1312 
2491 1289 1313 1291 
2492 1277 1330 1326 
2493 1292 1310 485 
2494 1385 1388 1176 
2495 1294 1328 686 
2496 1196 1309 1281 
2497 780 1380 1378 
2498 1291 1310 1292 
2499 1177 1373 955 
2500 485 1319 486 
2501 320 1318 319 
2502 771 1361 697 
2503 1302 1321 1205 
2504 686 1328 1327 
2505 326 1368 329 
2506 955 1373 893 
2507 1325 1331 339 
2508 743 1322 745 
2509 1319 1330 489 
2510 691 1370 786 
2511 647 1324 1107 
2512 605 1373 1177 
2513 1205 1321 1206 
2514 1317 1326 1316 
2515 784 1382 783 
2516 192 1390 938 
2517 786 1325 1002 
2518 760 1323 1308 
2519 1323 1365 661 
2520 816 1365 813 
2521 1353 1361 325 
2522 1321 1332 1206 
2523 605 1376 1373 
2524 1326 1383 1277 
2525 331 1374 328 
2526 960 1406 936 
2527 1191 1376 605 
2528 1297 1323 760 
2529 696 1331 706 
2530 1361 1368 325 
2531 892 1376 1371 
2532 227 1380 229 
2533 1206 1332 321 
2534 1368 1369 329 
2535 696 1334 1331 
2536 1332 1353 321 
2537 698 1385 1176 
2538 1371 1379 890 
2539 73 1393 72 
2540 335 1378 225 
2541 1312 1330 1319 
2542 1316 1326 1312 
2543 1374 1383 327 
2544 1247 1334 696 
2545 1298 1381 952 
2546 82 1395 81 
2547 321 1353 322 
2548 1276 1383 1374 
2549 1317 1383 1326 
2550 646 1381 1298 
2551 331 1384 1382 
2552 892 1371 890 
2553 697 1361 772 
2554 890 1379 702 
2555 706 1331 1325 
2556 233 1379 1371 
2557 959 1406 958 
2558 1409 1411 1389 
2559 1326 1330 1312 
2560 1277 1383 1276 
2561 772 1361 1353 
2562 1329 1369 771 
2563 233 1371 1192 
2564 325 1368 326 
2565 763 1367 1247 
2566 1247 1367 1334 
2567 554 1391 557 
2568 327 1383 1317 
2569 774 1396 694 
2570 763 1372 1367 
2571 813 1365 1297 
2572 721 1402 724 
2573 1379 1380 780 
2574 764 1372 763 
2575 1297 1365 1323 
2576 771 1369 1368 
2577 561 1398 562 
2578 719 1404 722 
2579 1325 1370 706 
2580 793 1412 792 
2581 708 1405 640 
2582 764 1375 1372 
2583 786 1370 1325 
2584 335 1388 1385 
2585 328 1374 327 
2586 766 1375 764 
2587 335 1385 1378 
2588 1303 1396 709 
2589 198 1492 1339 
2590 783 1384 785 
2591 229 1380 233 
2592 938 1390 939 
2593 1176 1388 701 
2594 939 1410 1362 
2595 766 1377 1375 
2596 1276 1382 784 
2597 225 1378 227 
2598 768 1377 766 
2599 701 1394 1003 
2600 410 1408 351 
2601 72 1393 192 
2602 331 1382 1374 
2603 1254 1381 646 
2604 192 1413 1390 
2605 553 1392 1391 
2606 703 1409 1389 
2607 780 1385 698 
2608 1264 1384 331 
2609 1394 1399 1003 
2610 1388 1394 701 
2611 1003 1399 776 
2612 81 1395 185 
2613 785 1397 1307 
2614 792 1411 1273 
2615 776 1407 777 
2616 1268 1397 1264 
2617 1384 1397 785 
2618 1200 1388 335 
2619 1065 1414 1062 
2620 777 1413 775 
2621 958 1406 960 
2622 694 1396 1303 
2623 233 1380 1379 
2624 1307 1400 707 
2625 709 1401 708 
2626 1374 1382 1276 
2627 1268 1400 1397 
2628 1378 1385 780 
2629 1400 1403 707 
2630 185 1418 959 
2631 941 1417 942 
2632 1407 1410 777 
2633 553 1391 554 
2634 707 1403 705 
2635 1399 1407 776 
2636 724 1402 846 
2637 1397 1400 1307 
2638 641 1404 719 
2639 640 1405 641 
2640 1200 1394 1388 
2641 641 1405 1404 
2642 1264 1397 1384 
2643 410 1409 1408 
2644 350 1394 1200 
2645 350 1399 1394 
2646 562 1398 565 
2647 410 1411 1409 
2648 1403 1408 705 
2649 1188 1399 350 
2650 521 1416 516 
2651 341 1403 1400 
2652 1084 1416 521 
2653 1390 1413 777 
2654 341 1400 1268 
2655 1396 1417 709 
2656 792 1412 1411 
2657 1278 1403 341 
2658 1188 1407 1399 
2659 608 1407 1188 
2660 608 1410 1407 
2661 351 1408 1278 
2662 705 1409 703 
2663 1278 1408 1403 
2664 870 1415 847 
2665 1363 1521 1430 
2666 1362 1410 608 
2667 1273 1411 410 
2668 942 1417 1396 
2669 967 1548 966 
2670 1408 1409 705 
2671 1389 1412 653 
2672 775 1413 871 
2673 883 1422 1420 
2674 515 1414 1065 
2675 1411 1412 1389 
2676 515 1416 1414 
2677 1402 1418 846 
2678 204 1481 855 
2679 516 1416 515 
2680 821 1424 823 
2681 959 1418 1402 
2682 1081 1419 1082 
2683 91 1499 857 
2684 709 1417 1401 
2685 138 1421 137 
2686 883 1420 197 
2687 197 1420 43 
2688 44 1420 177 
2689 999 1439 525 
2690 1414 1419 1062 
2691 846 1418 870 
2692 1337 1443 159 
2693 974 1429 976 
2694 190 1538 844 
2695 966 1548 1425 
2696 989 1545 1455 
2697 1047 1428 1049 
2698 886 1422 883 
2699 1082 1419 1414 
2700 745 1424 821 
2701 583 1424 1322 
2702 14 1425 15 
2703 580 1426 583 
2704 566 1427 575 
2705 1051 1448 1154 
2706 1055 1428 1054 
2707 1356 1546 1454 
2708 832 1462 833 
2709 177 1422 1341 
2710 1045 1428 1047 
2711 857 1489 180 
2712 549 1429 977 
2713 972 1429 974 
2714 3 1431 4 
2715 85 1430 84 
2716 182 1540 848 
2717 14 1453 1425 
2718 976 1432 1181 
2719 865 1549 1436 
2720 546 1432 549 
2721 1181 1432 545 
2722 148 1475 1081 
2723 149 1474 863 
2724 33 1433 34 
2725 137 1421 163 
2726 43 1420 44 
2727 199 1486 1042 
2728 7 1434 8 
2729 1341 1423 1343 
2730 30 1479 1083 
2731 100 1435 99 
2732 886 1423 1422 
2733 1422 1423 1341 
2734 865 1436 867 
2735 992 1436 998 
2736 147 1437 19 
2737 20 1437 1335 
2738 860 1438 862 
2739 525 1439 526 
2740 856 1493 130 
2741 1088 1469 1349 
2742 553 1439 1392 
2743 731 1495 1154 
2744 1322 1424 745 
2745 202 1470 864 
2746 862 1542 25 
2747 15 1425 175 
2748 89 1441 88 
2749 1366 1463 186 
2750 146 1522 861 
2751 6 1442 7 
2752 989 1455 901 
2753 32 1444 33 
2754 138 1471 1421 
2755 579 1426 580 
2756 730 1445 731 
2757 873 1443 740 
2758 455 1452 1055 
2759 746 1446 747 
2760 868 1523 202 
2761 1154 1495 1051 
2762 193 1525 996 
2763 1454 1546 1305 
2764 1425 1453 966 
2765 1335 1457 196 
2766 452 1448 455 
2767 1154 1448 451 
2768 1419 1438 1062 
2769 998 1541 51 
2770 565 1427 566 
2771 834 1462 832 
2772 1037 1451 1036 
2773 1348 1450 1349 
2774 1351 1450 1350 
2775 810 1454 770 
2776 151 1453 13 
2777 898 1455 899 
2778 1436 1549 152 
2779 88 1456 87 
2780 1054 1428 1045 
2781 820 1476 863 
2782 1455 1545 179 
2783 823 1447 824 
2784 977 1429 972 
2785 101 1458 100 
2786 805 1459 1074 
2787 1077 1459 1083 
2788 747 1461 954 
2789 829 1460 830 
2790 1363 1430 85 
2791 4 1431 1366 
2792 811 1463 812 
2793 165 1461 1357 
2794 802 1553 804 
2795 807 1483 1358 
2796 728 1466 829 
2797 980 1467 854 
2798 545 1432 546 
2799 852 1467 858 
2800 1036 1468 1034 
2801 822 1464 173 
2802 34 1433 149 
2803 25 1501 862 
2804 1421 1471 809 
2805 741 1472 905 
2806 1095 1469 1089 
2807 152 1470 53 
2808 54 1470 202 
2809 1356 1454 151 
2810 179 1471 139 
2811 18 1473 147 
2812 1338 1473 17 
2813 863 1474 744 
2814 742 1474 802 
2815 968 1477 967 
2816 194 1475 27 
2817 28 1475 148 
2818 748 1480 953 
2819 37 1476 173 
2820 1006 1478 826 
2821 1048 1465 172 
2822 856 1478 789 
2823 148 1479 29 
2824 1305 1482 988 
2825 181 1481 60 
2826 61 1481 204 
2827 576 1484 579 
2828 134 1483 201 
2829 1358 1483 135 
2830 818 1489 1314 
2831 8 1434 170 
2832 195 1485 1336 
2833 1387 1518 1343 
2834 207 1528 1415 
2835 124 1486 199 
2836 157 1486 125 
2837 171 1468 1352 
2838 869 1491 827 
2839 199 1490 123 
2840 122 1490 172 
2841 156 1491 118 
2842 919 1492 922 
2843 129 1493 171 
2844 110 1494 195 
2845 174 1496 104 
2846 914 1498 915 
2847 799 1489 857 
2848 978 1500 808 
2849 164 1499 92 
2850 51 1517 998 
2851 106 1547 873 
2852 897 1510 183 
2853 208 1502 66 
2854 67 1502 188 
2855 964 1509 961 
2856 168 1504 944 
2857 909 1504 908 
2858 82 1507 205 
2859 1051 1495 1050 
2860 182 1507 81 
2861 99 1435 198 
2862 189 1508 72 
2863 73 1508 162 
2864 796 1503 712 
2865 957 1513 956 
2866 77 1514 166 
2867 190 1514 76 
2868 714 1503 794 
2869 651 1505 796 
2870 184 1480 1363 
2871 798 1506 1279 
2872 660 1515 790 
2873 1387 1520 561 
2874 653 1511 797 
2875 143 1497 183 
2876 816 1512 1365 
2877 826 1449 749 
2878 65 1526 2 
2879 2 1527 65 
2880 1 1528 83 
2881 83 1529 1 
2882 2 1526 145 
2883 84 1527 2 
2884 64 1528 1 
2885 1 1529 3 
2886 877 1526 206 
2887 196 1522 22 
2888 23 1522 146 
2889 867 1436 992 
2890 793 1511 1412 
2891 202 1523 55 
2892 56 1523 165 
2893 1419 1551 1438 
2894 19 1437 20 
2895 804 1553 1433 
2896 49 1525 193 
2897 150 1525 48 
2898 39 1531 40 
2899 107 1547 106 
2900 1337 1485 1094 
2901 1062 1438 860 
2902 120 1532 119 
2903 1095 1494 111 
2904 1426 1447 823 
2905 25 1542 26 
2906 526 1439 553 
2907 51 1541 52 
2908 869 1516 176 
2909 791 1538 793 
2910 204 1487 62 
2911 857 1499 828 
2912 815 1540 816 
2913 749 1449 986 
2914 837 1440 1181 
2915 38 1464 39 
2916 180 1441 89 
2917 1055 1452 1428 
2918 1359 1466 164 
2919 1449 1552 986 
2920 1364 1446 181 
2921 63 1487 1415 
2922 1398 1543 565 
2923 884 1543 885 
2924 810 1544 1454 
2925 1346 1488 150 
2926 172 1465 121 
2927 121 1465 120 
2928 186 1442 6 
2929 557 1518 1387 
2930 740 1443 1112 
2931 103 1496 858 
2932 178 1444 32 
2933 824 1447 834 
2934 1355 1460 200 
2935 874 1446 746 
2936 173 1464 38 
2937 837 1457 1440 
2938 827 1445 730 
2939 201 1552 1449 
2940 831 1493 856 
2941 770 1454 1305 
2942 50 1517 51 
2943 1347 1451 157 
2944 451 1448 452 
2945 24 1501 25 
2946 201 1449 1354 
2947 1049 1452 1051 
2948 1040 1451 1037 
2949 1350 1450 1348 
2950 1438 1551 194 
2951 183 1510 142 
2952 13 1453 14 
2953 833 1462 884 
2954 901 1455 898 
2955 859 1501 146 
2956 87 1456 184 
2957 1427 1543 884 
2958 800 1516 869 
2959 1428 1452 1049 
2960 836 1457 837 
2961 1351 1516 801 
2962 158 1458 101 
2963 1083 1479 1079 
2964 1074 1459 1077 
2965 830 1460 914 
2966 954 1461 841 
2967 873 1519 106 
2968 812 1463 817 
2969 825 1464 822 
2970 141 1510 899 
2971 877 1497 144 
2972 1052 1465 1048 
2973 579 1447 1426 
2974 1457 1536 1440 
2975 1091 1494 1095 
2976 979 1466 728 
2977 174 1519 872 
2978 1349 1469 155 
2979 854 1467 852 
2980 105 1519 174 
2981 1034 1468 1067 
2982 106 1519 105 
2983 1089 1469 1088 
2984 53 1470 54 
2985 139 1471 138 
2986 1386 1472 741 
2987 17 1473 18 
2988 994 1517 193 
2989 744 1474 742 
2990 858 1496 851 
2991 1094 1485 1092 
2992 801 1516 800 
2993 146 1501 24 
2994 27 1475 28 
2995 971 1477 968 
2996 36 1476 37 
2997 789 1478 1006 
2998 29 1479 30 
2999 795 1480 748 
3000 575 1535 1484 
3001 996 1488 997 
3002 62 1487 63 
3003 816 1540 1509 
3004 142 1510 141 
3005 60 1481 61 
3006 793 1538 1513 
3007 1454 1544 151 
3008 988 1482 1386 
3009 1438 1542 862 
3010 135 1483 134 
3011 575 1484 576 
3012 1336 1485 1337 
3013 193 1517 50 
3014 125 1486 124 
3015 1436 1541 998 
3016 1314 1489 799 
3017 123 1490 122 
3018 118 1491 117 
3019 144 1497 143 
3020 835 1521 795 
3021 918 1492 919 
3022 130 1493 129 
3023 1415 1487 847 
3024 111 1494 110 
3025 1050 1495 1053 
3026 104 1496 103 
3027 878 1497 877 
3028 915 1498 918 
3029 92 1499 91 
3030 1391 1518 557 
3031 806 1500 978 
3032 873 1547 1443 
3033 1344 1518 1391 
3034 205 1524 1431 
3035 862 1501 859 
3036 66 1502 67 
3037 712 1503 714 
3038 908 1504 168 
3039 650 1505 651 
3040 961 1509 182 
3041 1512 1515 661 
3042 81 1507 82 
3043 72 1508 73 
3044 650 1506 1505 
3045 1279 1506 650 
3046 899 1510 897 
3047 956 1513 190 
3048 1398 1520 886 
3049 76 1514 77 
3050 661 1515 660 
3051 176 1516 1351 
3052 1365 1512 661 
3053 998 1517 994 
3054 1412 1511 653 
3055 1343 1518 1344 
3056 872 1519 873 
3057 561 1520 1398 
3058 194 1551 1475 
3059 3 1529 1431 
3060 884 1535 1427 
3061 1430 1527 84 
3062 966 1544 810 
3063 886 1520 1423 
3064 1500 1550 808 
3065 22 1522 23 
3066 55 1523 56 
3067 1474 1553 802 
3068 1335 1536 1457 
3069 817 1524 848 
3070 1483 1552 201 
3071 152 1549 1470 
3072 188 1534 909 
3073 166 1530 963 
3074 162 1533 957 
3075 194 1542 1438 
3076 206 1526 65 
3077 65 1527 208 
3078 83 1528 207 
3079 205 1529 83 
3080 48 1525 49 
3081 1305 1546 1482 
3082 1477 1548 967 
3083 790 1530 844 
3084 40 1531 153 
3085 945 1537 189 
3086 119 1532 156 
3087 797 1533 838 
3088 179 1545 1471 
3089 794 1534 835 
3090 152 1541 1436 
3091 1437 1536 1335 
3092 1427 1535 575 
3093 151 1544 1453 
3094 838 1537 798 
3095 844 1538 791 
3096 1344 1539 1346 
3097 809 1545 989 
3098 848 1540 815 
3099 52 1541 152 
3100 26 1542 194 
3101 159 1547 107 
3102 203 1546 1356 
3103 864 1549 865 
3104 986 1552 807 
3105 1443 1547 159 
3106 1431 1529 205 
3107 208 1527 1430 
3108 1462 1535 884 
3109 1430 1521 208 
3110 1081 1551 1419 
3111 1421 1550 163 
3112 975 1536 1437 
3113 1425 1548 175 
3114 1346 1539 1488 
3115 565 1543 1427 
3116 1440 1536 975 
3117 1453 1544 966 
3118 1433 1553 149 
3119 1475 1551 1081 
3120 1470 1549 864 
3121 149 1553 1474 
3122 1471 1545 809 
3123 1509 1540 182 
3124 1513 1538 190 
3125 807 1552 1483 
3126 175 1548 1477 
3127 1482 1546 203 
3128 163 1550 1500 
2 2 2 757
3129 1573 1737 1735 
3130 1841 1854 1825 
3131 1749 1849 1571 
3132 1571 1858 1749 
3133 1747 1788 1584 
3134 20 1850 19 
3135 1735 1754 1573 
3136 1565 1854 1841 
3137 1565 1841 1748 
3138 1748 1857 1565 
3139 1560 1864 1739 
3140 1583 1870 1740 
3141 1584 1788 1787 
3142 1569 1843 1782 
3143 1782 1850 1569 
3144 1746 1830 1581 
3145 1745 1747 1555 
3146 1750 1877 1865 
3147 1571 1849 1773 
3148 1864 1875 1739 
3149 1579 1862 1743 
3150 1773 1874 1571 
3151 1740 1875 1583 
3152 1865 1877 1564 
3153 1755 1866 1847 
3154 1723 1847 1754 
3155 19 1850 1575 
3156 1569 1850 20 
3157 1555 1756 1745 
3158 1743 1872 1579 
3159 1573 1861 1737 
3160 1563 1868 1830 
3161 1830 1895 1563 
3162 1739 1883 1560 
3163 1585 1881 1586 
3164 1581 1842 1746 
3165 1751 1816 1577 
3166 1870 1886 1740 
3167 1723 1754 1735 
3168 1830 1868 1581 
3169 1754 1847 1557 
3170 1825 1854 1578 
3171 1789 1885 1554 
3172 1584 1871 1747 
3173 1757 1760 1714 
3174 1576 1755 1750 
3175 1587 1876 1867 
3176 1562 1787 1786 
3177 1570 1857 1748 
3178 1790 1885 1789 
3179 1578 1848 1825 
3180 1847 1866 1557 
3181 1556 1851 1749 
3182 1748 1873 1570 
3183 1749 1858 1556 
3184 1574 1881 1585 
3185 1576 1866 1755 
3186 1879 1887 1859 
3187 1559 1816 1752 
3188 1747 1871 1555 
3189 1589 1760 1757 
3190 1745 1757 1714 
3191 1580 1876 1756 
3192 1750 1865 1576 
3193 22 1885 1882 
3194 1756 1876 1757 
3195 1787 1878 1584 
3196 1867 1876 1580 
3197 1859 1887 1561 
3198 1752 1844 1559 
3199 1753 1881 1844 
3200 1860 1899 1889 
3201 1753 1844 1752 
3202 1577 1845 1751 
3203 1756 1757 1745 
3204 1758 1839 1591 
3205 1753 1839 1758 
3206 1588 1758 1591 
3207 1593 1766 1760 
3208 1760 1766 1714 
3209 1593 1760 1590 
3210 1709 1840 1839 
3211 1763 1838 1762 
3212 1693 1840 1688 
3213 1709 1839 1753 
3214 1693 1838 1763 
3215 1595 1763 1762 
3216 1759 1763 1595 
3217 1592 1759 1595 
3218 1763 1840 1693 
3219 1766 1837 1692 
3220 1839 1840 1759 
3221 1688 1840 1709 
3222 1714 1766 1692 
3223 1761 1837 1766 
3224 1761 1766 1593 
3225 1594 1761 1593 
3226 1715 1769 1767 
3227 1701 1838 1820 
3228 1673 1837 1694 
3229 1715 1767 1701 
3230 1767 1769 1599 
3231 1762 1767 1599 
3232 1596 1762 1599 
3233 1694 1837 1765 
3234 1764 1836 1765 
3235 1767 1838 1701 
3236 1765 1836 1694 
3237 1692 1837 1673 
3238 1764 1765 1597 
3239 1820 1838 1693 
3240 1598 1764 1597 
3241 1769 1833 1603 
3242 1715 1833 1769 
3243 1600 1769 1603 
3244 1768 1775 1697 
3245 1697 1776 1768 
3246 1768 1836 1764 
3247 1601 1775 1768 
3248 1776 1795 1660 
3249 1697 1795 1776 
3250 1631 1775 1605 
3251 1697 1775 1631 
3252 1605 1775 1602 
3253 1660 1835 1776 
3254 1661 1835 1660 
3255 1610 1771 1613 
3256 1770 1771 1607 
3257 1674 1832 1777 
3258 1607 1771 1610 
3259 1777 1832 1771 
3260 1713 1774 1772 
3261 1695 1774 1716 
3262 1772 1774 1695 
3263 1604 1770 1607 
3264 1774 1798 1716 
3265 1771 1832 1613 
3266 1798 1799 1716 
3267 1603 1833 1770 
3268 1718 1831 1778 
3269 1632 1780 1634 
3270 1715 1834 1833 
3271 1770 1777 1771 
3272 1799 1814 1716 
3273 1718 1814 1799 
3274 1675 1799 1798 
3275 1799 1831 1718 
3276 1676 1780 1632 
3277 1676 1792 1779 
3278 1676 1779 1778 
3279 1780 1827 1634 
3280 1778 1831 1780 
3281 1609 1792 1676 
3282 1778 1780 1676 
3283 1606 1792 1609 
3284 1675 1831 1799 
3285 1787 1788 1707 
3286 40 1556 39 
3287 1734 1785 1690 
3288 1641 1794 1656 
3289 1666 1822 1808 
3290 1813 1817 1794 
3291 1734 1786 1785 
3292 44 1567 43 
3293 1625 1826 1649 
3294 1781 1783 1678 
3295 1690 1785 1664 
3296 1782 1783 1781 
3297 62 1574 61 
3298 1656 1794 1685 
3299 1716 1814 1669 
3300 1739 1791 1689 
3301 1800 1802 1719 
3302 1792 1811 1779 
3303 1689 1791 1668 
3304 17 1561 16 
3305 50 1572 49 
3306 1801 1812 1628 
3307 1660 1795 1638 
3308 1657 1781 1678 
3309 60 1568 59 
3310 1616 1815 1802 
3311 1670 1797 1653 
3312 1679 1803 1654 
3313 1719 1801 1800 
3314 1742 1807 1784 
3315 9 1557 8 
3316 1674 1809 1624 
3317 1800 1801 1628 
3318 1711 1797 1670 
3319 1681 1796 1723 
3320 1681 1797 1796 
3321 1808 1822 1784 
3322 15 1581 14 
3323 1784 1807 1646 
3324 1648 1817 1813 
3325 1678 1783 1699 
3326 1750 1755 1711 
3327 1779 1811 1793 
3328 1619 1793 1615 
3329 1793 1811 1615 
3330 1667 1673 1665 
3331 1612 1802 1614 
3332 1616 1802 1612 
3333 1624 1809 1640 
3334 1630 1718 1717 
3335 1640 1652 1651 
3336 1652 1658 1653 
3337 1655 1679 1654 
3338 1671 1810 1710 
3339 1699 1783 1705 
3340 1785 1786 1707 
3341 1720 1805 1803 
3342 7 1576 6 
3343 46 1579 45 
3344 54 1584 53 
3345 1640 1651 1650 
3346 1656 1657 1642 
3347 1646 1808 1784 
3348 1652 1653 1651 
3349 1667 1785 1707 
3350 1720 1803 1679 
3351 1710 1750 1711 
3352 1718 1778 1717 
3353 1779 1793 1717 
3354 1802 1815 1719 
3355 1727 1806 1726 
3356 3 1577 1 
3357 21 1569 20 
3358 36 1566 35 
3359 56 1555 55 
3360 1614 1618 1615 
3361 1639 1648 1623 
3362 1624 1640 1639 
3363 1625 1649 1626 
3364 1629 1630 1627 
3365 1634 1635 1633 
3366 1633 1795 1697 
3367 1641 1656 1642 
3368 1677 1815 1642 
3369 1662 1689 1668 
3370 1683 1692 1673 
3371 1688 1708 1687 
3372 1703 1789 1724 
3373 1786 1787 1707 
3374 5 1564 4 
3375 13 1563 12 
3376 24 1554 23 
3377 1614 1802 1800 
3378 1617 1620 1616 
3379 1617 1621 1620 
3380 1618 1625 1619 
3381 1618 1800 1628 
3382 1635 1795 1633 
3383 1634 1636 1635 
3384 1641 1813 1794 
3385 1662 1668 1645 
3386 1668 1669 1645 
3387 1646 1807 1647 
3388 1671 1710 1670 
3389 1710 1711 1670 
3390 1672 1687 1671 
3391 1678 1698 1677 
3392 1731 1781 1684 
3393 1685 1794 1730 
3394 1686 1791 1740 
3395 1702 1721 1689 
3396 1703 1704 1700 
3397 1796 1797 1711 
3398 1725 1748 1727 
3399 1731 1782 1781 
3400 1803 1805 1804 
3401 1625 1626 1619 
3402 1641 1642 1620 
3403 1624 1639 1623 
3404 1812 1826 1628 
3405 1634 1827 1636 
3406 1649 1826 1806 
3407 1653 1797 1651 
3408 1652 1696 1658 
3409 1657 1678 1677 
3410 1684 1781 1657 
3411 1687 1810 1671 
3412 1719 1815 1677 
3413 1681 1723 1682 
3414 1691 1741 1733 
3415 1705 1790 1789 
3416 1709 1753 1752 
3417 1742 1743 1741 
3418 1742 1784 1744 
3419 19 1575 18 
3420 26 1570 25 
3421 1608 1811 1792 
3422 1610 1613 1612 
3423 1614 1615 1611 
3424 1618 1628 1625 
3425 1627 1793 1619 
3426 1622 1674 1624 
3427 1630 1717 1627 
3428 1633 1697 1631 
3429 1640 1809 1652 
3430 1657 1677 1642 
3431 1644 1655 1654 
3432 1669 1814 1645 
3433 1647 1807 1663 
3434 1659 1671 1670 
3435 1663 1691 1690 
3436 1663 1807 1691 
3437 1664 1785 1667 
3438 1673 1694 1665 
3439 1804 1822 1666 
3440 1667 1707 1683 
3441 1728 1731 1684 
3442 1686 1740 1732 
3443 1708 1751 1687 
3444 1706 1747 1745 
3445 1713 1749 1712 
3446 1742 1744 1743 
3447 1821 1824 1806 
3448 11 1573 10 
3449 28 1565 27 
3450 1613 1617 1616 
3451 1620 1815 1616 
3452 1617 1622 1621 
3453 1626 1627 1619 
3454 1621 1641 1620 
3455 1642 1815 1620 
3456 1628 1826 1625 
3457 1717 1793 1627 
3458 1636 1637 1635 
3459 1637 1638 1635 
3460 1638 1795 1635 
3461 1637 1646 1638 
3462 1646 1647 1638 
3463 1682 1818 1650 
3464 1654 1803 1666 
3465 1675 1798 1655 
3466 1655 1680 1679 
3467 1656 1684 1657 
3468 1663 1690 1664 
3469 1803 1804 1666 
3470 1668 1686 1669 
3471 1678 1699 1698 
3472 1698 1801 1719 
3473 1730 1746 1729 
3474 1737 1738 1736 
3475 30 1578 29 
3476 58 1580 57 
3477 64 1559 63 
3478 1609 1676 1632 
3479 1610 1612 1611 
3480 1612 1614 1611 
3481 1614 1800 1618 
3482 1618 1619 1615 
3483 1622 1624 1623 
3484 1632 1633 1631 
3485 1636 1644 1643 
3486 1658 1659 1653 
3487 1659 1670 1653 
3488 1655 1798 1680 
3489 1664 1665 1661 
3490 1668 1791 1686 
3491 1686 1695 1669 
3492 1672 1693 1688 
3493 1685 1728 1684 
3494 1686 1732 1695 
3495 1706 1714 1692 
3496 1696 1715 1701 
3497 1699 1703 1700 
3498 1699 1705 1703 
3499 1700 1812 1801 
3500 1702 1722 1721 
3501 1778 1779 1717 
3502 1732 1773 1772 
3503 1608 1792 1606 
3504 1607 1610 1608 
3505 1615 1811 1611 
3506 1613 1616 1612 
3507 1621 1813 1641 
3508 1632 1634 1633 
3509 1640 1650 1639 
3510 1650 1818 1639 
3511 1654 1666 1643 
3512 1666 1808 1643 
3513 1647 1661 1660 
3514 1696 1701 1658 
3515 1663 1664 1661 
3516 1712 1720 1679 
3517 1751 1810 1687 
3518 1691 1733 1690 
3519 1733 1734 1690 
3520 1691 1807 1742 
3521 1705 1789 1703 
3522 1706 1745 1714 
3523 1752 1816 1708 
3524 1725 1727 1726 
3525 38 1571 37 
3526 1610 1611 1608 
3527 1611 1811 1608 
3528 1622 1623 1621 
3529 1626 1629 1627 
3530 1636 1643 1637 
3531 1644 1654 1643 
3532 1644 1675 1655 
3533 1647 1663 1661 
3534 1651 1681 1650 
3535 1652 1809 1696 
3536 1664 1667 1665 
3537 1667 1683 1673 
3538 1680 1798 1774 
3539 1736 1818 1682 
3540 1732 1772 1695 
3541 1700 1801 1698 
3542 1703 1724 1704 
3543 1725 1726 1704 
3544 1708 1816 1751 
3545 1755 1796 1711 
3546 1821 1825 1722 
3547 1794 1817 1730 
3548 1609 1632 1631 
3549 1648 1813 1623 
3550 1629 1645 1630 
3551 1658 1820 1659 
3552 1659 1820 1672 
3553 1695 1716 1669 
3554 1672 1688 1687 
3555 1680 1712 1679 
3556 1723 1735 1682 
3557 1685 1730 1729 
3558 1721 1739 1689 
3559 1704 1812 1700 
3560 1726 1826 1812 
3561 1738 1829 1828 
3562 32 1560 31 
3563 42 1582 41 
3564 1647 1660 1638 
3565 1806 1824 1649 
3566 1681 1682 1650 
3567 1672 1820 1693 
3568 1698 1719 1677 
3569 1688 1709 1708 
3570 1691 1742 1741 
3571 1724 1725 1704 
3572 1706 1788 1747 
3573 1822 1823 1744 
3574 52 1562 51 
3575 1649 1819 1626 
3576 1643 1808 1637 
3577 1651 1797 1681 
3578 1707 1788 1683 
3579 1804 1823 1822 
3580 48 1558 47 
3581 1629 1662 1645 
3582 1662 1702 1689 
3583 1680 1713 1712 
3584 1680 1774 1713 
3585 1683 1706 1692 
3586 1623 1813 1621 
3587 1645 1814 1630 
3588 1637 1808 1646 
3589 1699 1700 1698 
3590 1735 1737 1736 
3591 1784 1822 1744 
3592 1639 1818 1648 
3593 1649 1824 1819 
3594 1659 1672 1671 
3595 1735 1736 1682 
3596 1726 1812 1704 
3597 1630 1814 1718 
3598 1656 1685 1684 
3599 1662 1819 1702 
3600 1685 1729 1728 
3601 34 1583 33 
3602 1609 1631 1605 
3603 1702 1824 1722 
3604 1709 1752 1708 
3605 1738 1828 1736 
3606 1780 1831 1827 
3607 1629 1819 1662 
3608 1722 1824 1821 
3609 1607 1608 1606 
3610 1701 1820 1658 
3611 1827 1831 1675 
3612 1819 1824 1702 
3613 1683 1788 1706 
3614 1626 1819 1629 
3615 1636 1827 1644 
3616 1727 1821 1806 
3617 1730 1829 1746 
3618 1828 1829 1817 
3619 1736 1828 1818 
3620 1818 1828 1648 
3621 1806 1826 1726 
3622 1644 1827 1675 
3623 1648 1828 1817 
3624 1817 1829 1730 
3625 1829 1830 1746 
3626 1606 1609 1605 
3627 1604 1607 1606 
3628 1738 1830 1829 
3629 1613 1832 1617 
3630 1622 1832 1674 
3631 1604 1606 1605 
3632 1833 1834 1777 
3633 1617 1832 1622 
3634 1777 1834 1674 
3635 1674 1834 1809 
3636 1696 1834 1715 
3637 1604 1605 1602 
3638 1603 1770 1604 
3639 1770 1833 1777 
3640 1809 1834 1696 
3641 1603 1604 1602 
3642 1665 1835 1661 
3643 1602 1775 1601 
3644 1601 1768 1764 
3645 1600 1603 1602 
3646 1694 1835 1665 
3647 1601 1764 1598 
3648 1600 1602 1601 
3649 1776 1836 1768 
3650 1835 1836 1776 
3651 1694 1836 1835 
3652 1599 1769 1600 
3653 1600 1601 1598 
3654 1599 1600 1598 
3655 1596 1599 1598 
3656 1597 1765 1761 
3657 1597 1761 1594 
3658 1596 1598 1597 
3659 1765 1837 1761 
3660 1596 1597 1594 
3661 1595 1762 1596 
3662 1762 1838 1767 
3663 1595 1596 1594 
3664 1592 1595 1594 
3665 1592 1594 1593 
3666 1591 1759 1592 
3667 1592 1593 1590 
3668 1591 1839 1759 
3669 1759 1840 1763 
3670 1591 1592 1590 
3671 1590 1760 1589 
3672 1588 1591 1590 
3673 1588 1590 1589 
3674 1588 1589 1587 
3675 1586 1758 1588 
3676 1748 1841 1727 
3677 1821 1841 1825 
3678 1746 1842 1729 
3679 1564 1877 1845 
3680 1843 1882 1790 
3681 1816 1884 1577 
3682 1727 1841 1821 
3683 1586 1588 1587 
3684 1782 1843 1783 
3685 1705 1843 1790 
3686 1846 1856 1567 
3687 1569 1882 1843 
3688 1556 1855 1851 
3689 1783 1843 1705 
3690 1572 1899 1860 
3691 1586 1587 1568 
3692 1844 1881 1574 
3693 1804 1846 1823 
3694 1755 1847 1796 
3695 1562 1878 1787 
3696 1825 1848 1722 
3697 1713 1849 1749 
3698 1773 1849 1772 
3699 1882 1885 1790 
3700 1749 1851 1712 
3701 1862 1896 1743 
3702 1578 1869 1848 
3703 1579 1872 1863 
3704 1861 1895 1737 
3705 1587 1867 1568 
3706 1751 1845 1810 
3707 1744 1872 1743 
3708 1805 1846 1804 
3709 1725 1873 1748 
3710 1791 1875 1740 
3711 1786 1852 1562 
3712 1570 1873 1853 
3713 1796 1847 1723 
3714 1710 1877 1750 
3715 1722 1848 1721 
3716 1855 1880 1851 
3717 1586 1881 1758 
3718 1845 1891 1564 
3719 1772 1849 1713 
3720 1720 1880 1805 
3721 1585 1586 1568 
3722 1773 1886 1566 
3723 1712 1851 1720 
3724 1842 1887 1729 
3725 1734 1852 1786 
3726 1721 1883 1739 
3727 1561 1887 1842 
3728 1732 1886 1773 
3729 1738 1895 1830 
3730 1845 1877 1810 
3731 47 1862 46 
3732 61 1585 60 
3733 1574 1585 61 
3734 1558 1862 47 
3735 46 1862 1579 
3736 27 1857 26 
3737 38 1858 1571 
3738 28 1854 1565 
3739 29 1854 28 
3740 1556 1858 39 
3741 44 1863 1567 
3742 1572 1860 49 
3743 60 1585 1568 
3744 25 1853 24 
3745 43 1856 42 
3746 40 1855 1556 
3747 45 1863 44 
3748 39 1858 38 
3749 7 1866 1576 
3750 18 1859 17 
3751 1570 1853 25 
3752 1582 1855 41 
3753 11 1861 1573 
3754 48 1860 1558 
3755 1579 1863 45 
3756 1565 1857 27 
3757 6 1865 5 
3758 41 1855 40 
3759 1576 1865 6 
3760 1575 1859 18 
3761 49 1860 48 
3762 12 1861 11 
3763 5 1865 1564 
3764 1560 1869 31 
3765 42 1856 1582 
3766 1567 1856 43 
3767 14 1868 13 
3768 17 1859 1561 
3769 33 1864 32 
3770 13 1868 1563 
3771 1566 1870 35 
3772 31 1869 30 
3773 1583 1864 33 
3774 35 1870 34 
3775 1578 1854 29 
3776 1581 1868 14 
3777 1568 1867 59 
3778 26 1857 1570 
3779 59 1867 58 
3780 32 1864 1560 
3781 58 1867 1580 
3782 8 1866 7 
3783 1563 1861 12 
3784 1557 1866 8 
3785 24 1853 1554 
3786 30 1869 1578 
3787 34 1870 1583 
3788 1872 1893 1863 
3789 1566 1874 1773 
3790 1589 1876 1587 
3791 54 1871 1584 
3792 1555 1871 55 
3793 1846 1900 1856 
3794 1583 1875 1864 
3795 1559 1884 1816 
3796 36 1874 1566 
3797 1571 1874 37 
3798 55 1871 54 
3799 1563 1895 1861 
3800 1873 1888 1853 
3801 1557 1890 1754 
3802 1754 1890 1573 
3803 1852 1899 1572 
3804 1823 1872 1744 
3805 1584 1878 53 
3806 52 1878 1562 
3807 1554 1888 1789 
3808 22 1882 21 
3809 1869 1883 1848 
3810 1724 1873 1725 
3811 37 1874 36 
3812 1577 1884 1 
3813 64 1884 1559 
3814 1757 1876 1589 
3815 23 1885 22 
3816 1555 1892 1756 
3817 1756 1892 1580 
3818 1739 1875 1791 
3819 1880 1900 1805 
3820 9 1890 1557 
3821 1573 1890 10 
3822 3 1891 1577 
3823 1564 1891 4 
3824 56 1892 1555 
3825 1580 1892 57 
3826 50 1901 1572 
3827 1562 1901 51 
3828 15 1894 1581 
3829 1561 1894 16 
3830 1810 1877 1710 
3831 62 1898 1574 
3832 1559 1898 63 
3833 1734 1899 1852 
3834 1842 1894 1561 
3835 1581 1894 1842 
3836 1572 1901 1852 
3837 53 1878 52 
3838 1728 1879 1731 
3839 1731 1897 1782 
3840 1574 1898 1844 
3841 1844 1898 1559 
3842 1758 1881 1753 
3843 1789 1888 1724 
3844 1577 1891 1845 
3845 1575 1879 1859 
3846 21 1882 1569 
3847 1846 1893 1823 
3848 1728 1887 1879 
3849 1852 1901 1562 
3850 1889 1896 1558 
3851 1 1884 64 
3852 1566 1886 1870 
3853 1554 1885 23 
3854 1782 1897 1850 
3855 1851 1880 1720 
3856 1740 1886 1732 
3857 1729 1887 1728 
3858 1582 1880 1855 
3859 1567 1893 1846 
3860 1582 1900 1880 
3861 1741 1889 1733 
3862 10 1890 9 
3863 4 1891 3 
3864 1860 1889 1558 
3865 1805 1900 1846 
3866 1848 1883 1721 
3867 57 1892 56 
3868 1560 1883 1869 
3869 1741 1896 1889 
3870 1889 1899 1733 
3871 16 1894 15 
3872 1737 1895 1738 
3873 1823 1893 1872 
3874 1743 1896 1741 
3875 63 1898 62 
3876 1733 1899 1734 
3877 51 1901 50 
3878 1724 1888 1873 
3879 1558 1896 1862 
3880 1853 1888 1554 
3881 1575 1897 1879 
3882 1863 1893 1567 
3883 1850 1897 1575 
3884 1856 1900 1582 
3885 1879 1897 1731 
2 3 2 757
3886 1921 2083 2085 
3887 2189 2173 2202 
3888 2097 1919 2197 
3889 1919 2097 2206 
3890 2095 1932 2136 
3891 101 100 2198 
3892 2083 1921 2102 
3893 1913 2189 2202 
3894 1913 2096 2189 
3895 2096 1913 2205 
3896 1908 2087 2212 
3897 1931 2088 2218 
3898 1932 2135 2136 
3899 1917 2130 2191 
3900 2130 1917 2198 
3901 2094 1929 2178 
3902 2093 1903 2095 
3903 2098 2213 2225 
3904 1919 2121 2197 
3905 2212 2087 2223 
3906 1927 2091 2210 
3907 2121 1919 2222 
3908 2088 1931 2223 
3909 2213 1912 2225 
3910 2103 2195 2214 
3911 2071 2102 2195 
3912 100 1923 2198 
3913 1917 101 2198 
3914 1903 2093 2104 
3915 2091 1927 2220 
3916 1921 2085 2209 
3917 1911 2178 2216 
3918 2178 1911 2243 
3919 2087 1908 2231 
3920 1933 1934 2229 
3921 1929 2094 2190 
3922 2099 1925 2164 
3923 2218 2088 2234 
3924 2071 2083 2102 
3925 2178 1929 2216 
3926 2102 1905 2195 
3927 2173 1926 2202 
3928 2137 1902 2233 
3929 1932 2095 2219 
3930 2105 2062 2108 
3931 1924 2098 2103 
3932 1935 2215 2224 
3933 1910 2134 2135 
3934 1918 2096 2205 
3935 2138 2137 2233 
3936 1926 2173 2196 
3937 2195 1905 2214 
3938 1904 2097 2199 
3939 2096 1918 2221 
3940 2097 1904 2206 
3941 1922 1933 2229 
3942 1924 2103 2214 
3943 2227 2207 2235 
3944 1907 2100 2164 
3945 2095 1903 2219 
3946 1937 2105 2108 
3947 2093 2062 2105 
3948 1928 2104 2224 
3949 2098 1924 2213 
3950 103 2230 2233 
3951 2104 2105 2224 
3952 2135 1932 2226 
3953 2215 1928 2224 
3954 2207 1909 2235 
3955 2100 1907 2192 
3956 2101 2192 2229 
3957 2208 2237 2247 
3958 2101 2100 2192 
3959 1925 2099 2193 
3960 2104 2093 2105 
3961 2106 1939 2187 
3962 2101 2106 2187 
3963 1936 1939 2106 
3964 1941 2108 2114 
3965 2108 2062 2114 
3966 1941 1938 2108 
3967 2057 2187 2188 
3968 2111 2110 2186 
3969 2041 2036 2188 
3970 2057 2101 2187 
3971 2041 2111 2186 
3972 1943 2110 2111 
3973 2107 1943 2111 
3974 1940 1943 2107 
3975 2111 2041 2188 
3976 2114 2040 2185 
3977 2187 2107 2188 
3978 2036 2057 2188 
3979 2062 2040 2114 
3980 2109 2114 2185 
3981 2109 1941 2114 
3982 1942 1941 2109 
3983 2063 2115 2117 
3984 2049 2168 2186 
3985 2021 2042 2185 
3986 2063 2049 2115 
3987 2115 1947 2117 
3988 2110 1947 2115 
3989 1944 1947 2110 
3990 2042 2113 2185 
3991 2112 2113 2184 
3992 2115 2049 2186 
3993 2113 2042 2184 
3994 2040 2021 2185 
3995 2112 1945 2113 
3996 2168 2041 2186 
3997 1946 1945 2112 
3998 2117 1951 2181 
3999 2063 2117 2181 
4000 1948 1951 2117 
4001 2116 2045 2123 
4002 2045 2116 2124 
4003 2116 2112 2184 
4004 1949 2116 2123 
4005 2124 2008 2143 
4006 2045 2124 2143 
4007 1979 1953 2123 
4008 2045 1979 2123 
4009 1953 1950 2123 
4010 2008 2124 2183 
4011 2009 2008 2183 
4012 1958 1961 2119 
4013 2118 1955 2119 
4014 2022 2125 2180 
4015 1955 1958 2119 
4016 2125 2119 2180 
4017 2061 2120 2122 
4018 2043 2064 2122 
4019 2120 2043 2122 
4020 1952 1955 2118 
4021 2122 2064 2146 
4022 2119 1961 2180 
4023 2146 2064 2147 
4024 1951 2118 2181 
4025 2066 2126 2179 
4026 1980 1982 2128 
4027 2063 2181 2182 
4028 2118 2119 2125 
4029 2147 2064 2162 
4030 2066 2147 2162 
4031 2023 2146 2147 
4032 2147 2066 2179 
4033 2024 1980 2128 
4034 2024 2127 2140 
4035 2024 2126 2127 
4036 2128 1982 2175 
4037 2126 2128 2179 
4038 1957 2024 2140 
4039 2126 2024 2128 
4040 1954 1957 2140 
4041 2023 2147 2179 
4042 2135 2055 2136 
4043 121 120 1904 
4044 2082 2038 2133 
4045 1989 2004 2142 
4046 2014 2156 2170 
4047 2161 2142 2165 
4048 2082 2133 2134 
4049 125 124 1915 
4050 1973 1997 2174 
4051 2129 2026 2131 
4052 2038 2012 2133 
4053 2130 2129 2131 
4054 143 142 1922 
4055 2004 2033 2142 
4056 2064 2017 2162 
4057 2087 2037 2139 
4058 2148 2067 2150 
4059 2140 2127 2159 
4060 2037 2016 2139 
4061 98 97 1909 
4062 131 130 1920 
4063 2149 1976 2160 
4064 2008 1986 2143 
4065 2005 2026 2129 
4066 141 140 1916 
4067 1964 2150 2163 
4068 2018 2001 2145 
4069 2027 2002 2151 
4070 2067 2148 2149 
4071 2090 2132 2155 
4072 90 89 1905 
4073 2022 1972 2157 
4074 2148 1976 2149 
4075 2059 2018 2145 
4076 2029 2071 2144 
4077 2029 2144 2145 
4078 2156 2132 2170 
4079 96 95 1929 
4080 2132 1994 2155 
4081 1996 2161 2165 
4082 2026 2047 2131 
4083 2098 2059 2103 
4084 2127 2141 2159 
4085 1967 1963 2141 
4086 2141 1963 2159 
4087 2015 2013 2021 
4088 1960 1962 2150 
4089 1964 1960 2150 
4090 1972 1988 2157 
4091 1978 2065 2066 
4092 1988 1999 2000 
4093 2000 2001 2006 
4094 2003 2002 2027 
4095 2019 2058 2158 
4096 2047 2053 2131 
4097 2133 2055 2134 
4098 2068 2151 2153 
4099 88 87 1924 
4100 127 126 1927 
4101 135 134 1932 
4102 1988 1998 1999 
4103 2004 1990 2005 
4104 1994 2132 2156 
4105 2000 1999 2001 
4106 2015 2055 2133 
4107 2068 2027 2151 
4108 2058 2059 2098 
4109 2066 2065 2126 
4110 2127 2065 2141 
4111 2150 2067 2163 
4112 2075 2074 2154 
4113 84 2 1925 
4114 102 101 1917 
4115 117 116 1914 
4116 137 136 1903 
4117 1962 1963 1966 
4118 1987 1971 1996 
4119 1972 1987 1988 
4120 1973 1974 1997 
4121 1977 1975 1978 
4122 1982 1981 1983 
4123 1981 2045 2143 
4124 1989 1990 2004 
4125 2025 1990 2163 
4126 2010 2016 2037 
4127 2031 2021 2040 
4128 2036 2035 2056 
4129 2051 2072 2137 
4130 2134 2055 2135 
4131 86 85 1912 
4132 94 93 1911 
4133 105 104 1902 
4134 1962 2148 2150 
4135 1965 1964 1968 
4136 1965 1968 1969 
4137 1966 1967 1973 
4138 1966 1976 2148 
4139 1983 1981 2143 
4140 1982 1983 1984 
4141 1989 2142 2161 
4142 2010 1993 2016 
4143 2016 1993 2017 
4144 1994 1995 2155 
4145 2019 2018 2058 
4146 2058 2018 2059 
4147 2020 2019 2035 
4148 2026 2025 2046 
4149 2079 2032 2129 
4150 2033 2078 2142 
4151 2034 2088 2139 
4152 2050 2037 2069 
4153 2051 2048 2052 
4154 2144 2059 2145 
4155 2073 2075 2096 
4156 2079 2129 2130 
4157 2151 2152 2153 
4158 1973 1967 1974 
4159 1989 1968 1990 
4160 1972 1971 1987 
4161 2160 1976 2174 
4162 1982 1984 2175 
4163 1997 2154 2174 
4164 2001 1999 2145 
4165 2000 2006 2044 
4166 2005 2025 2026 
4167 2032 2005 2129 
4168 2035 2019 2158 
4169 2067 2025 2163 
4170 2029 2030 2071 
4171 2039 2081 2089 
4172 2053 2137 2138 
4173 2057 2100 2101 
4174 2090 2089 2091 
4175 2090 2092 2132 
4176 100 99 1923 
4177 107 106 1918 
4178 1956 2140 2159 
4179 1958 1960 1961 
4180 1962 1959 1963 
4181 1966 1973 1976 
4182 1975 1967 2141 
4183 1970 1972 2022 
4184 1978 1975 2065 
4185 1981 1979 2045 
4186 1988 2000 2157 
4187 2005 1990 2025 
4188 1992 2002 2003 
4189 2017 1993 2162 
4190 1995 2011 2155 
4191 2007 2018 2019 
4192 2011 2038 2039 
4193 2011 2039 2155 
4194 2012 2015 2133 
4195 2021 2013 2042 
4196 2152 2014 2170 
4197 2015 2031 2055 
4198 2076 2032 2079 
4199 2034 2080 2088 
4200 2056 2035 2099 
4201 2054 2093 2095 
4202 2061 2060 2097 
4203 2090 2091 2092 
4204 2169 2154 2172 
4205 92 91 1921 
4206 109 108 1913 
4207 1961 1964 1965 
4208 1968 1964 2163 
4209 1965 1969 1970 
4210 1974 1967 1975 
4211 1969 1968 1989 
4212 1990 1968 2163 
4213 1976 1973 2174 
4214 2065 1975 2141 
4215 1984 1983 1985 
4216 1985 1983 1986 
4217 1986 1983 2143 
4218 1985 1986 1994 
4219 1994 1986 1995 
4220 2030 1998 2166 
4221 2002 2014 2151 
4222 2023 2003 2146 
4223 2003 2027 2028 
4224 2004 2005 2032 
4225 2011 2012 2038 
4226 2151 2014 2152 
4227 2016 2017 2034 
4228 2026 2046 2047 
4229 2046 2067 2149 
4230 2078 2077 2094 
4231 2085 2084 2086 
4232 111 110 1926 
4233 139 138 1928 
4234 145 144 1907 
4235 1957 1980 2024 
4236 1958 1959 1960 
4237 1960 1959 1962 
4238 1962 1966 2148 
4239 1966 1963 1967 
4240 1970 1971 1972 
4241 1980 1979 1981 
4242 1984 1991 1992 
4243 2006 2001 2007 
4244 2007 2001 2018 
4245 2003 2028 2146 
4246 2012 2009 2013 
4247 2016 2034 2139 
4248 2034 2017 2043 
4249 2020 2036 2041 
4250 2033 2032 2076 
4251 2034 2043 2080 
4252 2054 2040 2062 
4253 2044 2049 2063 
4254 2047 2048 2051 
4255 2047 2051 2053 
4256 2048 2149 2160 
4257 2050 2069 2070 
4258 2126 2065 2127 
4259 2080 2120 2121 
4260 1956 1954 2140 
4261 1955 1956 1958 
4262 1963 1959 2159 
4263 1961 1960 1964 
4264 1969 1989 2161 
4265 1980 1981 1982 
4266 1988 1987 1998 
4267 1998 1987 2166 
4268 2002 1991 2014 
4269 2014 1991 2156 
4270 1995 2008 2009 
4271 2044 2006 2049 
4272 2011 2009 2012 
4273 2060 2027 2068 
4274 2099 2035 2158 
4275 2039 2038 2081 
4276 2081 2038 2082 
4277 2039 2090 2155 
4278 2053 2051 2137 
4279 2054 2062 2093 
4280 2100 2056 2164 
4281 2073 2074 2075 
4282 119 118 1919 
4283 1958 1956 1959 
4284 1959 1956 2159 
4285 1970 1969 1971 
4286 1974 1975 1977 
4287 1984 1985 1991 
4288 1992 1991 2002 
4289 1992 2003 2023 
4290 1995 2009 2011 
4291 1999 1998 2029 
4292 2000 2044 2157 
4293 2012 2013 2015 
4294 2015 2021 2031 
4295 2028 2122 2146 
4296 2084 2030 2166 
4297 2080 2043 2120 
4298 2048 2046 2149 
4299 2051 2052 2072 
4300 2073 2052 2074 
4301 2056 2099 2164 
4302 2103 2059 2144 
4303 2169 2070 2173 
4304 2142 2078 2165 
4305 1957 1979 1980 
4306 1996 1971 2161 
4307 1977 1978 1993 
4308 2006 2007 2168 
4309 2007 2020 2168 
4310 2043 2017 2064 
4311 2020 2035 2036 
4312 2028 2027 2060 
4313 2071 2030 2083 
4314 2033 2077 2078 
4315 2069 2037 2087 
4316 2052 2048 2160 
4317 2074 2160 2174 
4318 2086 2176 2177 
4319 113 112 1908 
4320 123 122 1930 
4321 1995 1986 2008 
4322 2154 1997 2172 
4323 2029 1998 2030 
4324 2020 2041 2168 
4325 2046 2025 2067 
4326 2036 2056 2057 
4327 2039 2089 2090 
4328 2072 2052 2073 
4329 2054 2095 2136 
4330 2170 2092 2171 
4331 133 132 1910 
4332 1997 1974 2167 
4333 1991 1985 2156 
4334 1999 2029 2145 
4335 2055 2031 2136 
4336 2152 2170 2171 
4337 129 128 1906 
4338 1977 1993 2010 
4339 2010 2037 2050 
4340 2028 2060 2061 
4341 2028 2061 2122 
4342 2031 2040 2054 
4343 1971 1969 2161 
4344 1993 1978 2162 
4345 1985 1994 2156 
4346 2047 2046 2048 
4347 2083 2084 2085 
4348 2132 2092 2170 
4349 1987 1996 2166 
4350 1997 2167 2172 
4351 2007 2019 2020 
4352 2083 2030 2084 
4353 2074 2052 2160 
4354 1978 2066 2162 
4355 2004 2032 2033 
4356 2010 2050 2167 
4357 2033 2076 2077 
4358 115 114 1931 
4359 1957 1953 1979 
4360 2050 2070 2172 
4361 2057 2056 2100 
4362 2086 2084 2176 
4363 2128 2175 2179 
4364 1977 2010 2167 
4365 2070 2169 2172 
4366 1955 1954 1956 
4367 2049 2006 2168 
4368 2175 2023 2179 
4369 2167 2050 2172 
4370 2031 2054 2136 
4371 1974 1977 2167 
4372 1984 1992 2175 
4373 2075 2154 2169 
4374 2078 2094 2177 
4375 2176 2165 2177 
4376 2084 2166 2176 
4377 2166 1996 2176 
4378 2154 2074 2174 
4379 1992 2023 2175 
4380 1996 2165 2176 
4381 2165 2078 2177 
4382 2177 2094 2178 
4383 1954 1953 1957 
4384 1952 1954 1955 
4385 2086 2177 2178 
4386 1961 1965 2180 
4387 1970 2022 2180 
4388 1952 1953 1954 
4389 2181 2125 2182 
4390 1965 1970 2180 
4391 2125 2022 2182 
4392 2022 2157 2182 
4393 2044 2063 2182 
4394 1952 1950 1953 
4395 1951 1952 2118 
4396 2118 2125 2181 
4397 2157 2044 2182 
4398 1951 1950 1952 
4399 2013 2009 2183 
4400 1950 1949 2123 
4401 1949 2112 2116 
4402 1948 1950 1951 
4403 2042 2013 2183 
4404 1949 1946 2112 
4405 1948 1949 1950 
4406 2124 2116 2184 
4407 2183 2124 2184 
4408 2042 2183 2184 
4409 1947 1948 2117 
4410 1948 1946 1949 
4411 1947 1946 1948 
4412 1944 1946 1947 
4413 1945 2109 2113 
4414 1945 1942 2109 
4415 1944 1945 1946 
4416 2113 2109 2185 
4417 1944 1942 1945 
4418 1943 1944 2110 
4419 2110 2115 2186 
4420 1943 1942 1944 
4421 1940 1942 1943 
4422 1940 1941 1942 
4423 1939 1940 2107 
4424 1940 1938 1941 
4425 1939 2107 2187 
4426 2107 2111 2188 
4427 1939 1938 1940 
4428 1938 1937 2108 
4429 1936 1938 1939 
4430 1936 1937 1938 
4431 1936 1935 1937 
4432 1934 1936 2106 
4433 2096 2075 2189 
4434 2169 2173 2189 
4435 2094 2077 2190 
4436 1912 2193 2225 
4437 2191 2138 2230 
4438 2164 1925 2232 
4439 2075 2169 2189 
4440 1934 1935 1936 
4441 2130 2131 2191 
4442 2053 2138 2191 
4443 2194 1915 2204 
4444 1917 2191 2230 
4445 1904 2199 2203 
4446 2131 2053 2191 
4447 1920 2208 2247 
4448 1934 1916 1935 
4449 2192 1922 2229 
4450 2152 2171 2194 
4451 2103 2144 2195 
4452 1910 2135 2226 
4453 2173 2070 2196 
4454 2061 2097 2197 
4455 2121 2120 2197 
4456 2230 2138 2233 
4457 2097 2060 2199 
4458 2210 2091 2244 
4459 1926 2196 2217 
4460 1927 2211 2220 
4461 2209 2085 2243 
4462 1935 1916 2215 
4463 2099 2158 2193 
4464 2092 2091 2220 
4465 2153 2152 2194 
4466 2073 2096 2221 
4467 2139 2088 2223 
4468 2134 1910 2200 
4469 1918 2201 2221 
4470 2144 2071 2195 
4471 2058 2098 2225 
4472 2070 2069 2196 
4473 2203 2199 2228 
4474 1934 2106 2229 
4475 2193 1912 2239 
4476 2120 2061 2197 
4477 2068 2153 2228 
4478 1933 1916 1934 
4479 2121 1914 2234 
4480 2060 2068 2199 
4481 2190 2077 2235 
4482 2082 2134 2200 
4483 2069 2087 2231 
4484 1909 2190 2235 
4485 2080 2121 2234 
4486 2086 2178 2243 
4487 2193 2158 2225 
4488 128 127 2210 
4489 142 141 1933 
4490 1922 142 1933 
4491 1906 128 2210 
4492 127 1927 2210 
4493 108 107 2205 
4494 119 1919 2206 
4495 109 1913 2202 
4496 110 109 2202 
4497 1904 120 2206 
4498 125 1915 2211 
4499 1920 130 2208 
4500 141 1916 1933 
4501 106 105 2201 
4502 124 123 2204 
4503 121 1904 2203 
4504 126 125 2211 
4505 120 119 2206 
4506 88 1924 2214 
4507 99 98 2207 
4508 1918 106 2201 
4509 1930 122 2203 
4510 92 1921 2209 
4511 129 1906 2208 
4512 1927 126 2211 
4513 1913 108 2205 
4514 87 86 2213 
4515 122 121 2203 
4516 1924 87 2213 
4517 1923 99 2207 
4518 130 129 2208 
4519 93 92 2209 
4520 86 1912 2213 
4521 1908 112 2217 
4522 123 1930 2204 
4523 1915 124 2204 
4524 95 94 2216 
4525 98 1909 2207 
4526 114 113 2212 
4527 94 1911 2216 
4528 1914 116 2218 
4529 112 111 2217 
4530 1931 114 2212 
4531 116 115 2218 
4532 1926 110 2202 
4533 1929 95 2216 
4534 1916 140 2215 
4535 107 1918 2205 
4536 140 139 2215 
4537 113 1908 2212 
4538 139 1928 2215 
4539 89 88 2214 
4540 1911 93 2209 
4541 1905 89 2214 
4542 105 1902 2201 
4543 111 1926 2217 
4544 115 1931 2218 
4545 2220 2211 2241 
4546 1914 2121 2222 
4547 1937 1935 2224 
4548 135 1932 2219 
4549 1903 136 2219 
4550 2194 2204 2248 
4551 1931 2212 2223 
4552 1907 2164 2232 
4553 117 1914 2222 
4554 1919 118 2222 
4555 136 135 2219 
4556 1911 2209 2243 
4557 2221 2201 2236 
4558 1905 2102 2238 
4559 2102 1921 2238 
4560 2200 1920 2247 
4561 2171 2092 2220 
4562 1932 134 2226 
4563 133 1910 2226 
4564 1902 2137 2236 
4565 103 102 2230 
4566 2217 2196 2231 
4567 2072 2073 2221 
4568 118 117 2222 
4569 1925 2 2232 
4570 145 1907 2232 
4571 2105 1937 2224 
4572 104 103 2233 
4573 1903 2104 2240 
4574 2104 1928 2240 
4575 2087 2139 2223 
4576 2228 2153 2248 
4577 90 1905 2238 
4578 1921 91 2238 
4579 84 1925 2239 
4580 1912 85 2239 
4581 137 1903 2240 
4582 1928 138 2240 
4583 131 1920 2249 
4584 1910 132 2249 
4585 96 1929 2242 
4586 1909 97 2242 
4587 2158 2058 2225 
4588 143 1922 2246 
4589 1907 144 2246 
4590 2082 2200 2247 
4591 2190 1909 2242 
4592 1929 2190 2242 
4593 1920 2200 2249 
4594 134 133 2226 
4595 2076 2079 2227 
4596 2079 2130 2245 
4597 1922 2192 2246 
4598 2192 1907 2246 
4599 2106 2101 2229 
4600 2137 2072 2236 
4601 1925 2193 2239 
4602 1923 2207 2227 
4603 102 1917 2230 
4604 2194 2171 2241 
4605 2076 2227 2235 
4606 2200 1910 2249 
4607 2237 1906 2244 
4608 2 145 2232 
4609 1914 2218 2234 
4610 1902 104 2233 
4611 2130 2198 2245 
4612 2199 2068 2228 
4613 2088 2080 2234 
4614 2077 2076 2235 
4615 1930 2203 2228 
4616 1915 2194 2241 
4617 1930 2228 2248 
4618 2089 2081 2237 
4619 91 90 2238 
4620 85 84 2239 
4621 2208 1906 2237 
4622 2153 2194 2248 
4623 2196 2069 2231 
4624 138 137 2240 
4625 1908 2217 2231 
4626 2089 2237 2244 
4627 2237 2081 2247 
4628 97 96 2242 
4629 2085 2086 2243 
4630 2171 2220 2241 
4631 2091 2089 2244 
4632 144 143 2246 
4633 2081 2082 2247 
4634 132 131 2249 
4635 2072 2221 2236 
4636 1906 2210 2244 
4637 2201 1902 2236 
4638 1923 2227 2245 
4639 2211 1915 2241 
4640 2198 1923 2245 
4641 2204 1930 2248 
4642 2227 2079 2245 
$EndElements
